typ,puvodni_cesta,nova_cesta,stav
kandidat,/Users/giorgio/Documents/Přezletice 26/Originální fotky/Prezletice jednotlivci Jun 30 2026/Jan Macourek1.jpg,/Users/giorgio/Documents/Přezletice 26/Originální fotky/01_kandidati/02_jan-macourek/jan-macourek__vyber-01.jpg,presunuto
kandidat,/Users/giorgio/Documents/Přezletice 26/Originální fotky/Prezletice jednotlivci Jun 30 2026/_R5A2815.jpg,/Users/giorgio/Documents/Přezletice 26/Originální fotky/01_kandidati/02_jan-macourek/jan-macourek__r5a2815.jpg,presunuto
kandidat,/Users/giorgio/Documents/Přezletice 26/Originální fotky/Prezletice jednotlivci Jun 30 2026/_R5A2816.jpg,/Users/giorgio/Documents/Přezletice 26/Originální fotky/01_kandidati/02_jan-macourek/jan-macourek__r5a2816.jpg,presunuto
kandidat,/Users/giorgio/Documents/Přezletice 26/Originální fotky/Prezletice jednotlivci Jun 30 2026/_R5A2817.jpg,/Users/giorgio/Documents/Přezletice 26/Originální fotky/01_kandidati/02_jan-macourek/jan-macourek__r5a2817.jpg,presunuto
kandidat,/Users/giorgio/Documents/Přezletice 26/Originální fotky/Prezletice jednotlivci Jun 30 2026/_R5A2818.jpg,/Users/giorgio/Documents/Přezletice 26/Originální fotky/01_kandidati/02_jan-macourek/jan-macourek__r5a2818.jpg,presunuto
kandidat,/Users/giorgio/Documents/Přezletice 26/Originální fotky/Prezletice jednotlivci Jun 30 2026/_R5A2820.jpg,/Users/giorgio/Documents/Přezletice 26/Originální fotky/01_kandidati/02_jan-macourek/jan-macourek__r5a2820.jpg,presunuto
kandidat,/Users/giorgio/Documents/Přezletice 26/Originální fotky/Prezletice jednotlivci Jun 30 2026/_R5A2821.jpg,/Users/giorgio/Documents/Přezletice 26/Originální fotky/01_kandidati/02_jan-macourek/jan-macourek__r5a2821.jpg,presunuto
kandidat,/Users/giorgio/Documents/Přezletice 26/Originální fotky/Prezletice jednotlivci Jun 30 2026/_R5A2823.jpg,/Users/giorgio/Documents/Přezletice 26/Originální fotky/01_kandidati/02_jan-macourek/jan-macourek__r5a2823.jpg,presunuto
kandidat,/Users/giorgio/Documents/Přezletice 26/Originální fotky/Prezletice jednotlivci Jun 30 2026/_R5A2824.jpg,/Users/giorgio/Documents/Přezletice 26/Originální fotky/01_kandidati/02_jan-macourek/jan-macourek__r5a2824.jpg,presunuto
kandidat,/Users/giorgio/Documents/Přezletice 26/Originální fotky/Prezletice jednotlivci Jun 30 2026/_R5A2825.jpg,/Users/giorgio/Documents/Přezletice 26/Originální fotky/01_kandidati/02_jan-macourek/jan-macourek__r5a2825.jpg,presunuto
kandidat,/Users/giorgio/Documents/Přezletice 26/Originální fotky/Prezletice jednotlivci Jun 30 2026/_R5A2826.jpg,/Users/giorgio/Documents/Přezletice 26/Originální fotky/01_kandidati/02_jan-macourek/jan-macourek__r5a2826.jpg,presunuto
kandidat,/Users/giorgio/Documents/Přezletice 26/Originální fotky/Prezletice jednotlivci Jun 30 2026/_R5A2826A.jpg,/Users/giorgio/Documents/Přezletice 26/Originální fotky/01_kandidati/02_jan-macourek/jan-macourek__r5a2826a.jpg,presunuto
kandidat,/Users/giorgio/Documents/Přezletice 26/Originální fotky/Prezletice jednotlivci Jun 30 2026/_R5A2827.jpg,/Users/giorgio/Documents/Přezletice 26/Originální fotky/01_kandidati/02_jan-macourek/jan-macourek__r5a2827.jpg,presunuto
kandidat,/Users/giorgio/Documents/Přezletice 26/Originální fotky/Prezletice jednotlivci Jun 30 2026/_R5A2828.jpg,/Users/giorgio/Documents/Přezletice 26/Originální fotky/01_kandidati/02_jan-macourek/jan-macourek__r5a2828.jpg,presunuto
kandidat,/Users/giorgio/Documents/Přezletice 26/Originální fotky/Prezletice jednotlivci Jun 30 2026/_R5A2831.jpg,/Users/giorgio/Documents/Přezletice 26/Originální fotky/01_kandidati/01_tomas-riha/tomas-riha__r5a2831.jpg,presunuto
kandidat,/Users/giorgio/Documents/Přezletice 26/Originální fotky/Prezletice jednotlivci Jun 30 2026/_R5A2831_ed.jpg,/Users/giorgio/Documents/Přezletice 26/Originální fotky/01_kandidati/01_tomas-riha/tomas-riha__r5a2831-ed.jpg,presunuto
kandidat,/Users/giorgio/Documents/Přezletice 26/Originální fotky/Prezletice jednotlivci Jun 30 2026/_R5A2832.jpg,/Users/giorgio/Documents/Přezletice 26/Originální fotky/01_kandidati/01_tomas-riha/tomas-riha__r5a2832.jpg,presunuto
kandidat,/Users/giorgio/Documents/Přezletice 26/Originální fotky/Prezletice jednotlivci Jun 30 2026/_R5A2833.jpg,/Users/giorgio/Documents/Přezletice 26/Originální fotky/01_kandidati/01_tomas-riha/tomas-riha__r5a2833.jpg,presunuto
kandidat,/Users/giorgio/Documents/Přezletice 26/Originální fotky/Prezletice jednotlivci Jun 30 2026/_R5A2834.jpg,/Users/giorgio/Documents/Přezletice 26/Originální fotky/01_kandidati/01_tomas-riha/tomas-riha__r5a2834.jpg,presunuto
kandidat,/Users/giorgio/Documents/Přezletice 26/Originální fotky/Prezletice jednotlivci Jun 30 2026/_R5A2835.jpg,/Users/giorgio/Documents/Přezletice 26/Originální fotky/01_kandidati/01_tomas-riha/tomas-riha__r5a2835.jpg,presunuto
kandidat,/Users/giorgio/Documents/Přezletice 26/Originální fotky/Prezletice jednotlivci Jun 30 2026/_R5A2836.jpg,/Users/giorgio/Documents/Přezletice 26/Originální fotky/01_kandidati/01_tomas-riha/tomas-riha__r5a2836.jpg,presunuto
kandidat,/Users/giorgio/Documents/Přezletice 26/Originální fotky/Prezletice jednotlivci Jun 30 2026/_R5A2837.jpg,/Users/giorgio/Documents/Přezletice 26/Originální fotky/01_kandidati/01_tomas-riha/tomas-riha__r5a2837.jpg,presunuto
kandidat,/Users/giorgio/Documents/Přezletice 26/Originální fotky/Prezletice jednotlivci Jun 30 2026/_R5A2838.jpg,/Users/giorgio/Documents/Přezletice 26/Originální fotky/01_kandidati/01_tomas-riha/tomas-riha__r5a2838.jpg,presunuto
kandidat,/Users/giorgio/Documents/Přezletice 26/Originální fotky/Prezletice jednotlivci Jun 30 2026/_R5A2839.jpg,/Users/giorgio/Documents/Přezletice 26/Originální fotky/01_kandidati/01_tomas-riha/tomas-riha__r5a2839.jpg,presunuto
kandidat,/Users/giorgio/Documents/Přezletice 26/Originální fotky/Prezletice jednotlivci Jun 30 2026/_R5A2840.jpg,/Users/giorgio/Documents/Přezletice 26/Originální fotky/01_kandidati/01_tomas-riha/tomas-riha__r5a2840.jpg,presunuto
kandidat,/Users/giorgio/Documents/Přezletice 26/Originální fotky/Prezletice jednotlivci Jun 30 2026/_R5A2841.jpg,/Users/giorgio/Documents/Přezletice 26/Originální fotky/01_kandidati/08_bretislav-lukes/bretislav-lukes__r5a2841.jpg,presunuto
kandidat,/Users/giorgio/Documents/Přezletice 26/Originální fotky/Prezletice jednotlivci Jun 30 2026/_R5A2842.jpg,/Users/giorgio/Documents/Přezletice 26/Originální fotky/01_kandidati/08_bretislav-lukes/bretislav-lukes__r5a2842.jpg,presunuto
kandidat,/Users/giorgio/Documents/Přezletice 26/Originální fotky/Prezletice jednotlivci Jun 30 2026/_R5A2843.jpg,/Users/giorgio/Documents/Přezletice 26/Originální fotky/01_kandidati/08_bretislav-lukes/bretislav-lukes__r5a2843.jpg,presunuto
kandidat,/Users/giorgio/Documents/Přezletice 26/Originální fotky/Prezletice jednotlivci Jun 30 2026/_R5A2844.jpg,/Users/giorgio/Documents/Přezletice 26/Originální fotky/01_kandidati/08_bretislav-lukes/bretislav-lukes__r5a2844.jpg,presunuto
kandidat,/Users/giorgio/Documents/Přezletice 26/Originální fotky/Prezletice jednotlivci Jun 30 2026/_R5A2845.jpg,/Users/giorgio/Documents/Přezletice 26/Originální fotky/01_kandidati/08_bretislav-lukes/bretislav-lukes__r5a2845.jpg,presunuto
kandidat,/Users/giorgio/Documents/Přezletice 26/Originální fotky/Prezletice jednotlivci Jun 30 2026/_R5A2846.jpg,/Users/giorgio/Documents/Přezletice 26/Originální fotky/01_kandidati/08_bretislav-lukes/bretislav-lukes__r5a2846.jpg,presunuto
kandidat,/Users/giorgio/Documents/Přezletice 26/Originální fotky/Prezletice jednotlivci Jun 30 2026/_R5A2847.jpg,/Users/giorgio/Documents/Přezletice 26/Originální fotky/01_kandidati/08_bretislav-lukes/bretislav-lukes__r5a2847.jpg,presunuto
kandidat,/Users/giorgio/Documents/Přezletice 26/Originální fotky/Prezletice jednotlivci Jun 30 2026/_R5A2848.jpg,/Users/giorgio/Documents/Přezletice 26/Originální fotky/01_kandidati/08_bretislav-lukes/bretislav-lukes__r5a2848.jpg,presunuto
kandidat,/Users/giorgio/Documents/Přezletice 26/Originální fotky/Prezletice jednotlivci Jun 30 2026/_R5A2850.jpg,/Users/giorgio/Documents/Přezletice 26/Originální fotky/01_kandidati/08_bretislav-lukes/bretislav-lukes__r5a2850.jpg,presunuto
kandidat,/Users/giorgio/Documents/Přezletice 26/Originální fotky/Prezletice jednotlivci Jun 30 2026/_R5A2851.jpg,/Users/giorgio/Documents/Přezletice 26/Originální fotky/01_kandidati/08_bretislav-lukes/bretislav-lukes__r5a2851.jpg,presunuto
kandidat,/Users/giorgio/Documents/Přezletice 26/Originální fotky/Prezletice jednotlivci Jun 30 2026/_R5A2852.jpg,/Users/giorgio/Documents/Přezletice 26/Originální fotky/01_kandidati/08_bretislav-lukes/bretislav-lukes__r5a2852.jpg,presunuto
kandidat,/Users/giorgio/Documents/Přezletice 26/Originální fotky/Prezletice jednotlivci Jun 30 2026/_R5A2853.jpg,/Users/giorgio/Documents/Přezletice 26/Originální fotky/01_kandidati/08_bretislav-lukes/bretislav-lukes__r5a2853.jpg,presunuto
kandidat,/Users/giorgio/Documents/Přezletice 26/Originální fotky/Prezletice jednotlivci Jun 30 2026/_R5A2854.jpg,/Users/giorgio/Documents/Přezletice 26/Originální fotky/01_kandidati/08_bretislav-lukes/bretislav-lukes__r5a2854.jpg,presunuto
kandidat,/Users/giorgio/Documents/Přezletice 26/Originální fotky/Prezletice jednotlivci Jun 30 2026/_R5A2855.jpg,/Users/giorgio/Documents/Přezletice 26/Originální fotky/01_kandidati/08_bretislav-lukes/bretislav-lukes__r5a2855.jpg,presunuto
kandidat,/Users/giorgio/Documents/Přezletice 26/Originální fotky/Prezletice jednotlivci Jun 30 2026/_R5A2856.jpg,/Users/giorgio/Documents/Přezletice 26/Originální fotky/01_kandidati/08_bretislav-lukes/bretislav-lukes__r5a2856.jpg,presunuto
kandidat,/Users/giorgio/Documents/Přezletice 26/Originální fotky/Prezletice jednotlivci Jun 30 2026/_R5A2858.jpg,/Users/giorgio/Documents/Přezletice 26/Originální fotky/01_kandidati/08_bretislav-lukes/bretislav-lukes__r5a2858.jpg,presunuto
kandidat,/Users/giorgio/Documents/Přezletice 26/Originální fotky/Prezletice jednotlivci Jun 30 2026/_R5A2859.jpg,/Users/giorgio/Documents/Přezletice 26/Originální fotky/01_kandidati/08_bretislav-lukes/bretislav-lukes__r5a2859.jpg,presunuto
kandidat,/Users/giorgio/Documents/Přezletice 26/Originální fotky/Prezletice jednotlivci Jun 30 2026/_R5A2860.jpg,/Users/giorgio/Documents/Přezletice 26/Originální fotky/01_kandidati/08_bretislav-lukes/bretislav-lukes__r5a2860.jpg,presunuto
kandidat,/Users/giorgio/Documents/Přezletice 26/Originální fotky/Prezletice jednotlivci Jun 30 2026/_R5A2861.jpg,/Users/giorgio/Documents/Přezletice 26/Originální fotky/01_kandidati/08_bretislav-lukes/bretislav-lukes__r5a2861.jpg,presunuto
kandidat,/Users/giorgio/Documents/Přezletice 26/Originální fotky/Prezletice jednotlivci Jun 30 2026/_R5A2862.jpg,/Users/giorgio/Documents/Přezletice 26/Originální fotky/01_kandidati/08_bretislav-lukes/bretislav-lukes__r5a2862.jpg,presunuto
kandidat,/Users/giorgio/Documents/Přezletice 26/Originální fotky/Prezletice jednotlivci Jun 30 2026/_R5A2863.jpg,/Users/giorgio/Documents/Přezletice 26/Originální fotky/01_kandidati/08_bretislav-lukes/bretislav-lukes__r5a2863.jpg,presunuto
kandidat,/Users/giorgio/Documents/Přezletice 26/Originální fotky/Prezletice jednotlivci Jun 30 2026/_R5A2866.jpg,/Users/giorgio/Documents/Přezletice 26/Originální fotky/01_kandidati/08_bretislav-lukes/bretislav-lukes__r5a2866.jpg,presunuto
kandidat,/Users/giorgio/Documents/Přezletice 26/Originální fotky/Prezletice jednotlivci Jun 30 2026/_R5A2867.jpg,/Users/giorgio/Documents/Přezletice 26/Originální fotky/01_kandidati/02_jan-macourek/jan-macourek__r5a2867.jpg,presunuto
kandidat,/Users/giorgio/Documents/Přezletice 26/Originální fotky/Prezletice jednotlivci Jun 30 2026/_R5A2868.jpg,/Users/giorgio/Documents/Přezletice 26/Originální fotky/01_kandidati/02_jan-macourek/jan-macourek__r5a2868.jpg,presunuto
kandidat,/Users/giorgio/Documents/Přezletice 26/Originální fotky/Prezletice jednotlivci Jun 30 2026/_R5A2869.jpg,/Users/giorgio/Documents/Přezletice 26/Originální fotky/01_kandidati/02_jan-macourek/jan-macourek__r5a2869.jpg,presunuto
kandidat,/Users/giorgio/Documents/Přezletice 26/Originální fotky/Prezletice jednotlivci Jun 30 2026/_R5A2870.jpg,/Users/giorgio/Documents/Přezletice 26/Originální fotky/01_kandidati/02_jan-macourek/jan-macourek__r5a2870.jpg,presunuto
kandidat,/Users/giorgio/Documents/Přezletice 26/Originální fotky/Prezletice jednotlivci Jun 30 2026/_R5A2871.jpg,/Users/giorgio/Documents/Přezletice 26/Originální fotky/01_kandidati/02_jan-macourek/jan-macourek__r5a2871.jpg,presunuto
kandidat,/Users/giorgio/Documents/Přezletice 26/Originální fotky/Prezletice jednotlivci Jun 30 2026/_R5A2872.jpg,/Users/giorgio/Documents/Přezletice 26/Originální fotky/01_kandidati/02_jan-macourek/jan-macourek__r5a2872.jpg,presunuto
kandidat,/Users/giorgio/Documents/Přezletice 26/Originální fotky/Prezletice jednotlivci Jun 30 2026/_R5A2873.jpg,/Users/giorgio/Documents/Přezletice 26/Originální fotky/01_kandidati/02_jan-macourek/jan-macourek__r5a2873.jpg,presunuto
kandidat,/Users/giorgio/Documents/Přezletice 26/Originální fotky/Prezletice jednotlivci Jun 30 2026/_R5A2874.jpg,/Users/giorgio/Documents/Přezletice 26/Originální fotky/01_kandidati/02_jan-macourek/jan-macourek__r5a2874.jpg,presunuto
kandidat,/Users/giorgio/Documents/Přezletice 26/Originální fotky/Prezletice jednotlivci Jun 30 2026/_R5A2875.jpg,/Users/giorgio/Documents/Přezletice 26/Originální fotky/01_kandidati/02_jan-macourek/jan-macourek__r5a2875.jpg,presunuto
kandidat,/Users/giorgio/Documents/Přezletice 26/Originální fotky/Prezletice jednotlivci Jun 30 2026/_R5A2876.jpg,/Users/giorgio/Documents/Přezletice 26/Originální fotky/01_kandidati/02_jan-macourek/jan-macourek__r5a2876.jpg,presunuto
kandidat,/Users/giorgio/Documents/Přezletice 26/Originální fotky/Prezletice jednotlivci Jun 30 2026/_R5A2877.jpg,/Users/giorgio/Documents/Přezletice 26/Originální fotky/01_kandidati/02_jan-macourek/jan-macourek__r5a2877.jpg,presunuto
kandidat,/Users/giorgio/Documents/Přezletice 26/Originální fotky/Prezletice jednotlivci Jun 30 2026/_R5A2878.jpg,/Users/giorgio/Documents/Přezletice 26/Originální fotky/01_kandidati/02_jan-macourek/jan-macourek__r5a2878.jpg,presunuto
kandidat,/Users/giorgio/Documents/Přezletice 26/Originální fotky/Prezletice jednotlivci Jun 30 2026/_R5A2879.jpg,/Users/giorgio/Documents/Přezletice 26/Originální fotky/01_kandidati/07_vaclav-smerda/vaclav-smerda__r5a2879.jpg,presunuto
kandidat,/Users/giorgio/Documents/Přezletice 26/Originální fotky/Prezletice jednotlivci Jun 30 2026/_R5A2880.jpg,/Users/giorgio/Documents/Přezletice 26/Originální fotky/01_kandidati/07_vaclav-smerda/vaclav-smerda__r5a2880.jpg,presunuto
kandidat,/Users/giorgio/Documents/Přezletice 26/Originální fotky/Prezletice jednotlivci Jun 30 2026/_R5A2881.jpg,/Users/giorgio/Documents/Přezletice 26/Originální fotky/01_kandidati/07_vaclav-smerda/vaclav-smerda__r5a2881.jpg,presunuto
kandidat,/Users/giorgio/Documents/Přezletice 26/Originální fotky/Prezletice jednotlivci Jun 30 2026/_R5A2882.jpg,/Users/giorgio/Documents/Přezletice 26/Originální fotky/01_kandidati/07_vaclav-smerda/vaclav-smerda__r5a2882.jpg,presunuto
kandidat,/Users/giorgio/Documents/Přezletice 26/Originální fotky/Prezletice jednotlivci Jun 30 2026/_R5A2883.jpg,/Users/giorgio/Documents/Přezletice 26/Originální fotky/01_kandidati/07_vaclav-smerda/vaclav-smerda__r5a2883.jpg,presunuto
kandidat,/Users/giorgio/Documents/Přezletice 26/Originální fotky/Prezletice jednotlivci Jun 30 2026/_R5A2884.jpg,/Users/giorgio/Documents/Přezletice 26/Originální fotky/01_kandidati/07_vaclav-smerda/vaclav-smerda__r5a2884.jpg,presunuto
kandidat,/Users/giorgio/Documents/Přezletice 26/Originální fotky/Prezletice jednotlivci Jun 30 2026/_R5A2885.jpg,/Users/giorgio/Documents/Přezletice 26/Originální fotky/01_kandidati/07_vaclav-smerda/vaclav-smerda__r5a2885.jpg,presunuto
kandidat,/Users/giorgio/Documents/Přezletice 26/Originální fotky/Prezletice jednotlivci Jun 30 2026/_R5A2886.jpg,/Users/giorgio/Documents/Přezletice 26/Originální fotky/01_kandidati/07_vaclav-smerda/vaclav-smerda__r5a2886.jpg,presunuto
kandidat,/Users/giorgio/Documents/Přezletice 26/Originální fotky/Prezletice jednotlivci Jun 30 2026/_R5A2887.jpg,/Users/giorgio/Documents/Přezletice 26/Originální fotky/01_kandidati/07_vaclav-smerda/vaclav-smerda__r5a2887.jpg,presunuto
kandidat,/Users/giorgio/Documents/Přezletice 26/Originální fotky/Prezletice jednotlivci Jun 30 2026/_R5A2888.jpg,/Users/giorgio/Documents/Přezletice 26/Originální fotky/01_kandidati/07_vaclav-smerda/vaclav-smerda__r5a2888.jpg,presunuto
kandidat,/Users/giorgio/Documents/Přezletice 26/Originální fotky/Prezletice jednotlivci Jun 30 2026/_R5A2891.jpg,/Users/giorgio/Documents/Přezletice 26/Originální fotky/01_kandidati/06_pavel-rerucha/pavel-rerucha__r5a2891.jpg,presunuto
kandidat,/Users/giorgio/Documents/Přezletice 26/Originální fotky/Prezletice jednotlivci Jun 30 2026/_R5A2892.jpg,/Users/giorgio/Documents/Přezletice 26/Originální fotky/01_kandidati/06_pavel-rerucha/pavel-rerucha__r5a2892.jpg,presunuto
kandidat,/Users/giorgio/Documents/Přezletice 26/Originální fotky/Prezletice jednotlivci Jun 30 2026/_R5A2893.jpg,/Users/giorgio/Documents/Přezletice 26/Originální fotky/01_kandidati/06_pavel-rerucha/pavel-rerucha__r5a2893.jpg,presunuto
kandidat,/Users/giorgio/Documents/Přezletice 26/Originální fotky/Prezletice jednotlivci Jun 30 2026/_R5A2894.jpg,/Users/giorgio/Documents/Přezletice 26/Originální fotky/01_kandidati/06_pavel-rerucha/pavel-rerucha__r5a2894.jpg,presunuto
kandidat,/Users/giorgio/Documents/Přezletice 26/Originální fotky/Prezletice jednotlivci Jun 30 2026/_R5A2895.jpg,/Users/giorgio/Documents/Přezletice 26/Originální fotky/01_kandidati/06_pavel-rerucha/pavel-rerucha__r5a2895.jpg,presunuto
kandidat,/Users/giorgio/Documents/Přezletice 26/Originální fotky/Prezletice jednotlivci Jun 30 2026/_R5A2896.jpg,/Users/giorgio/Documents/Přezletice 26/Originální fotky/01_kandidati/06_pavel-rerucha/pavel-rerucha__r5a2896.jpg,presunuto
kandidat,/Users/giorgio/Documents/Přezletice 26/Originální fotky/Prezletice jednotlivci Jun 30 2026/_R5A2897.jpg,/Users/giorgio/Documents/Přezletice 26/Originální fotky/01_kandidati/06_pavel-rerucha/pavel-rerucha__r5a2897.jpg,presunuto
kandidat,/Users/giorgio/Documents/Přezletice 26/Originální fotky/Prezletice jednotlivci Jun 30 2026/_R5A2898.jpg,/Users/giorgio/Documents/Přezletice 26/Originální fotky/01_kandidati/06_pavel-rerucha/pavel-rerucha__r5a2898.jpg,presunuto
kandidat,/Users/giorgio/Documents/Přezletice 26/Originální fotky/Prezletice jednotlivci Jun 30 2026/_R5A2899.jpg,/Users/giorgio/Documents/Přezletice 26/Originální fotky/01_kandidati/06_pavel-rerucha/pavel-rerucha__r5a2899.jpg,presunuto
kandidat,/Users/giorgio/Documents/Přezletice 26/Originální fotky/Prezletice jednotlivci Jun 30 2026/_R5A2900.jpg,/Users/giorgio/Documents/Přezletice 26/Originální fotky/01_kandidati/06_pavel-rerucha/pavel-rerucha__r5a2900.jpg,presunuto
kandidat,/Users/giorgio/Documents/Přezletice 26/Originální fotky/Prezletice jednotlivci Jun 30 2026/_R5A2901.jpg,/Users/giorgio/Documents/Přezletice 26/Originální fotky/01_kandidati/06_pavel-rerucha/pavel-rerucha__r5a2901.jpg,presunuto
kandidat,/Users/giorgio/Documents/Přezletice 26/Originální fotky/Prezletice jednotlivci Jun 30 2026/_R5A2902.jpg,/Users/giorgio/Documents/Přezletice 26/Originální fotky/01_kandidati/06_pavel-rerucha/pavel-rerucha__r5a2902.jpg,presunuto
kandidat,/Users/giorgio/Documents/Přezletice 26/Originální fotky/Prezletice jednotlivci Jun 30 2026/_R5A2903.jpg,/Users/giorgio/Documents/Přezletice 26/Originální fotky/01_kandidati/06_pavel-rerucha/pavel-rerucha__r5a2903.jpg,presunuto
kandidat,/Users/giorgio/Documents/Přezletice 26/Originální fotky/Prezletice jednotlivci Jun 30 2026/_R5A2904.jpg,/Users/giorgio/Documents/Přezletice 26/Originální fotky/01_kandidati/06_pavel-rerucha/pavel-rerucha__r5a2904.jpg,presunuto
kandidat,/Users/giorgio/Documents/Přezletice 26/Originální fotky/Prezletice jednotlivci Jun 30 2026/_R5A2905.jpg,/Users/giorgio/Documents/Přezletice 26/Originální fotky/01_kandidati/06_pavel-rerucha/pavel-rerucha__r5a2905.jpg,presunuto
kandidat,/Users/giorgio/Documents/Přezletice 26/Originální fotky/Prezletice jednotlivci Jun 30 2026/_R5A2919.jpg,/Users/giorgio/Documents/Přezletice 26/Originální fotky/01_kandidati/10_jakub-triska/jakub-triska__r5a2919.jpg,presunuto
kandidat,/Users/giorgio/Documents/Přezletice 26/Originální fotky/Prezletice jednotlivci Jun 30 2026/_R5A2920.jpg,/Users/giorgio/Documents/Přezletice 26/Originální fotky/01_kandidati/10_jakub-triska/jakub-triska__r5a2920.jpg,presunuto
kandidat,/Users/giorgio/Documents/Přezletice 26/Originální fotky/Prezletice jednotlivci Jun 30 2026/_R5A2921.jpg,/Users/giorgio/Documents/Přezletice 26/Originální fotky/01_kandidati/10_jakub-triska/jakub-triska__r5a2921.jpg,presunuto
kandidat,/Users/giorgio/Documents/Přezletice 26/Originální fotky/Prezletice jednotlivci Jun 30 2026/_R5A2922.jpg,/Users/giorgio/Documents/Přezletice 26/Originální fotky/01_kandidati/10_jakub-triska/jakub-triska__r5a2922.jpg,presunuto
kandidat,/Users/giorgio/Documents/Přezletice 26/Originální fotky/Prezletice jednotlivci Jun 30 2026/_R5A2923.jpg,/Users/giorgio/Documents/Přezletice 26/Originální fotky/01_kandidati/10_jakub-triska/jakub-triska__r5a2923.jpg,presunuto
kandidat,/Users/giorgio/Documents/Přezletice 26/Originální fotky/Prezletice jednotlivci Jun 30 2026/_R5A2924.jpg,/Users/giorgio/Documents/Přezletice 26/Originální fotky/01_kandidati/10_jakub-triska/jakub-triska__r5a2924.jpg,presunuto
kandidat,/Users/giorgio/Documents/Přezletice 26/Originální fotky/Prezletice jednotlivci Jun 30 2026/_R5A2925.jpg,/Users/giorgio/Documents/Přezletice 26/Originální fotky/01_kandidati/10_jakub-triska/jakub-triska__r5a2925.jpg,presunuto
kandidat,/Users/giorgio/Documents/Přezletice 26/Originální fotky/Prezletice jednotlivci Jun 30 2026/_R5A2926.jpg,/Users/giorgio/Documents/Přezletice 26/Originální fotky/01_kandidati/10_jakub-triska/jakub-triska__r5a2926.jpg,presunuto
kandidat,/Users/giorgio/Documents/Přezletice 26/Originální fotky/Prezletice jednotlivci Jun 30 2026/_R5A2927.jpg,/Users/giorgio/Documents/Přezletice 26/Originální fotky/01_kandidati/10_jakub-triska/jakub-triska__r5a2927.jpg,presunuto
kandidat,/Users/giorgio/Documents/Přezletice 26/Originální fotky/Prezletice jednotlivci Jun 30 2026/_R5A2928.jpg,/Users/giorgio/Documents/Přezletice 26/Originální fotky/01_kandidati/10_jakub-triska/jakub-triska__r5a2928.jpg,presunuto
kandidat,/Users/giorgio/Documents/Přezletice 26/Originální fotky/Prezletice jednotlivci Jun 30 2026/_R5A2933.jpg,/Users/giorgio/Documents/Přezletice 26/Originální fotky/01_kandidati/05_jan-kana/jan-kana__r5a2933.jpg,presunuto
kandidat,/Users/giorgio/Documents/Přezletice 26/Originální fotky/Prezletice jednotlivci Jun 30 2026/_R5A2934.jpg,/Users/giorgio/Documents/Přezletice 26/Originální fotky/01_kandidati/05_jan-kana/jan-kana__r5a2934.jpg,presunuto
kandidat,/Users/giorgio/Documents/Přezletice 26/Originální fotky/Prezletice jednotlivci Jun 30 2026/_R5A2935.jpg,/Users/giorgio/Documents/Přezletice 26/Originální fotky/01_kandidati/05_jan-kana/jan-kana__r5a2935.jpg,presunuto
kandidat,/Users/giorgio/Documents/Přezletice 26/Originální fotky/Prezletice jednotlivci Jun 30 2026/_R5A2937.jpg,/Users/giorgio/Documents/Přezletice 26/Originální fotky/01_kandidati/05_jan-kana/jan-kana__r5a2937.jpg,presunuto
kandidat,/Users/giorgio/Documents/Přezletice 26/Originální fotky/Prezletice jednotlivci Jun 30 2026/_R5A2938.jpg,/Users/giorgio/Documents/Přezletice 26/Originální fotky/01_kandidati/05_jan-kana/jan-kana__r5a2938.jpg,presunuto
kandidat,/Users/giorgio/Documents/Přezletice 26/Originální fotky/Prezletice jednotlivci Jun 30 2026/_R5A2941.jpg,/Users/giorgio/Documents/Přezletice 26/Originální fotky/01_kandidati/05_jan-kana/jan-kana__r5a2941.jpg,presunuto
kandidat,/Users/giorgio/Documents/Přezletice 26/Originální fotky/Prezletice jednotlivci Jun 30 2026/_R5A2942.jpg,/Users/giorgio/Documents/Přezletice 26/Originální fotky/01_kandidati/05_jan-kana/jan-kana__r5a2942.jpg,presunuto
kandidat,/Users/giorgio/Documents/Přezletice 26/Originální fotky/Prezletice jednotlivci Jun 30 2026/_R5A2943.jpg,/Users/giorgio/Documents/Přezletice 26/Originální fotky/01_kandidati/05_jan-kana/jan-kana__r5a2943.jpg,presunuto
kandidat,/Users/giorgio/Documents/Přezletice 26/Originální fotky/Prezletice jednotlivci Jun 30 2026/_R5A2944.jpg,/Users/giorgio/Documents/Přezletice 26/Originální fotky/01_kandidati/05_jan-kana/jan-kana__r5a2944.jpg,presunuto
kandidat,/Users/giorgio/Documents/Přezletice 26/Originální fotky/Prezletice jednotlivci Jun 30 2026/_R5A2945.jpg,/Users/giorgio/Documents/Přezletice 26/Originální fotky/01_kandidati/05_jan-kana/jan-kana__r5a2945.jpg,presunuto
kandidat,/Users/giorgio/Documents/Přezletice 26/Originální fotky/Prezletice jednotlivci Jun 30 2026/_R5A2997.jpg,/Users/giorgio/Documents/Přezletice 26/Originální fotky/01_kandidati/11_vojta-broz/vojta-broz__r5a2997.jpg,presunuto
kandidat,/Users/giorgio/Documents/Přezletice 26/Originální fotky/Prezletice jednotlivci Jun 30 2026/_R5A2998.jpg,/Users/giorgio/Documents/Přezletice 26/Originální fotky/01_kandidati/11_vojta-broz/vojta-broz__r5a2998.jpg,presunuto
kandidat,/Users/giorgio/Documents/Přezletice 26/Originální fotky/Prezletice jednotlivci Jun 30 2026/_R5A2999.jpg,/Users/giorgio/Documents/Přezletice 26/Originální fotky/01_kandidati/11_vojta-broz/vojta-broz__r5a2999.jpg,presunuto
kandidat,/Users/giorgio/Documents/Přezletice 26/Originální fotky/Prezletice jednotlivci Jun 30 2026/_R5A3000.jpg,/Users/giorgio/Documents/Přezletice 26/Originální fotky/01_kandidati/11_vojta-broz/vojta-broz__r5a3000.jpg,presunuto
kandidat,/Users/giorgio/Documents/Přezletice 26/Originální fotky/Prezletice jednotlivci Jun 30 2026/_R5A3001.jpg,/Users/giorgio/Documents/Přezletice 26/Originální fotky/01_kandidati/11_vojta-broz/vojta-broz__r5a3001.jpg,presunuto
kandidat,/Users/giorgio/Documents/Přezletice 26/Originální fotky/Prezletice jednotlivci Jun 30 2026/_R5A3002.jpg,/Users/giorgio/Documents/Přezletice 26/Originální fotky/01_kandidati/11_vojta-broz/vojta-broz__r5a3002.jpg,presunuto
kandidat,/Users/giorgio/Documents/Přezletice 26/Originální fotky/Prezletice jednotlivci Jun 30 2026/_R5A3003.jpg,/Users/giorgio/Documents/Přezletice 26/Originální fotky/01_kandidati/11_vojta-broz/vojta-broz__r5a3003.jpg,presunuto
kandidat,/Users/giorgio/Documents/Přezletice 26/Originální fotky/Prezletice jednotlivci Jun 30 2026/_R5A3004.jpg,/Users/giorgio/Documents/Přezletice 26/Originální fotky/01_kandidati/11_vojta-broz/vojta-broz__r5a3004.jpg,presunuto
kandidat,/Users/giorgio/Documents/Přezletice 26/Originální fotky/Prezletice jednotlivci Jun 30 2026/_R5A3005.jpg,/Users/giorgio/Documents/Přezletice 26/Originální fotky/01_kandidati/11_vojta-broz/vojta-broz__r5a3005.jpg,presunuto
kandidat,/Users/giorgio/Documents/Přezletice 26/Originální fotky/Prezletice jednotlivci Jun 30 2026/_R5A3006.jpg,/Users/giorgio/Documents/Přezletice 26/Originální fotky/01_kandidati/11_vojta-broz/vojta-broz__r5a3006.jpg,presunuto
kandidat,/Users/giorgio/Documents/Přezletice 26/Originální fotky/Prezletice jednotlivci Jun 30 2026/_R5A3008.jpg,/Users/giorgio/Documents/Přezletice 26/Originální fotky/01_kandidati/11_vojta-broz/vojta-broz__r5a3008.jpg,presunuto
kandidat,/Users/giorgio/Documents/Přezletice 26/Originální fotky/Prezletice jednotlivci Jun 30 2026/_R5A3010.jpg,/Users/giorgio/Documents/Přezletice 26/Originální fotky/01_kandidati/02_jan-macourek/jan-macourek__r5a3010.jpg,presunuto
kandidat,/Users/giorgio/Documents/Přezletice 26/Originální fotky/Prezletice jednotlivci Jun 30 2026/_R5A3011.jpg,/Users/giorgio/Documents/Přezletice 26/Originální fotky/01_kandidati/02_jan-macourek/jan-macourek__r5a3011.jpg,presunuto
kandidat,/Users/giorgio/Documents/Přezletice 26/Originální fotky/Prezletice jednotlivci Jun 30 2026/_R5A3012.jpg,/Users/giorgio/Documents/Přezletice 26/Originální fotky/01_kandidati/02_jan-macourek/jan-macourek__r5a3012.jpg,presunuto
kandidat,/Users/giorgio/Documents/Přezletice 26/Originální fotky/Prezletice jednotlivci Jun 30 2026/_R5A3013.jpg,/Users/giorgio/Documents/Přezletice 26/Originální fotky/01_kandidati/02_jan-macourek/jan-macourek__r5a3013.jpg,presunuto
kandidat,/Users/giorgio/Documents/Přezletice 26/Originální fotky/Prezletice jednotlivci Jun 30 2026/_R5A3014.jpg,/Users/giorgio/Documents/Přezletice 26/Originální fotky/01_kandidati/02_jan-macourek/jan-macourek__r5a3014.jpg,presunuto
kandidat,/Users/giorgio/Documents/Přezletice 26/Originální fotky/Prezletice jednotlivci Jun 30 2026/_R5A3015.jpg,/Users/giorgio/Documents/Přezletice 26/Originální fotky/01_kandidati/02_jan-macourek/jan-macourek__r5a3015.jpg,presunuto
kandidat,/Users/giorgio/Documents/Přezletice 26/Originální fotky/Prezletice jednotlivci Jun 30 2026/_R5A3016.jpg,/Users/giorgio/Documents/Přezletice 26/Originální fotky/01_kandidati/02_jan-macourek/jan-macourek__r5a3016.jpg,presunuto
kandidat,/Users/giorgio/Documents/Přezletice 26/Originální fotky/Prezletice jednotlivci Jun 30 2026/photo by Josef Adlt_R5A2907.jpg,/Users/giorgio/Documents/Přezletice 26/Originální fotky/01_kandidati/03_romana-bernardova/romana-bernardova__r5a2907.jpg,presunuto
kandidat,/Users/giorgio/Documents/Přezletice 26/Originální fotky/Prezletice jednotlivci Jun 30 2026/photo by Josef Adlt_R5A2908.jpg,/Users/giorgio/Documents/Přezletice 26/Originální fotky/01_kandidati/03_romana-bernardova/romana-bernardova__r5a2908.jpg,presunuto
kandidat,/Users/giorgio/Documents/Přezletice 26/Originální fotky/Prezletice jednotlivci Jun 30 2026/photo by Josef Adlt_R5A2909.jpg,/Users/giorgio/Documents/Přezletice 26/Originální fotky/01_kandidati/03_romana-bernardova/romana-bernardova__r5a2909.jpg,presunuto
kandidat,/Users/giorgio/Documents/Přezletice 26/Originální fotky/Prezletice jednotlivci Jun 30 2026/photo by Josef Adlt_R5A2910.jpg,/Users/giorgio/Documents/Přezletice 26/Originální fotky/01_kandidati/03_romana-bernardova/romana-bernardova__r5a2910.jpg,presunuto
kandidat,/Users/giorgio/Documents/Přezletice 26/Originální fotky/Prezletice jednotlivci Jun 30 2026/photo by Josef Adlt_R5A2911.jpg,/Users/giorgio/Documents/Přezletice 26/Originální fotky/01_kandidati/03_romana-bernardova/romana-bernardova__r5a2911.jpg,presunuto
kandidat,/Users/giorgio/Documents/Přezletice 26/Originální fotky/Prezletice jednotlivci Jun 30 2026/photo by Josef Adlt_R5A2912.jpg,/Users/giorgio/Documents/Přezletice 26/Originální fotky/01_kandidati/03_romana-bernardova/romana-bernardova__r5a2912.jpg,presunuto
kandidat,/Users/giorgio/Documents/Přezletice 26/Originální fotky/Prezletice jednotlivci Jun 30 2026/photo by Josef Adlt_R5A2913.jpg,/Users/giorgio/Documents/Přezletice 26/Originální fotky/01_kandidati/03_romana-bernardova/romana-bernardova__r5a2913.jpg,presunuto
kandidat,/Users/giorgio/Documents/Přezletice 26/Originální fotky/Prezletice jednotlivci Jun 30 2026/photo by Josef Adlt_R5A2914.jpg,/Users/giorgio/Documents/Přezletice 26/Originální fotky/01_kandidati/03_romana-bernardova/romana-bernardova__r5a2914.jpg,presunuto
kandidat,/Users/giorgio/Documents/Přezletice 26/Originální fotky/Prezletice jednotlivci Jun 30 2026/photo by Josef Adlt_R5A2915.jpg,/Users/giorgio/Documents/Přezletice 26/Originální fotky/01_kandidati/03_romana-bernardova/romana-bernardova__r5a2915.jpg,presunuto
kandidat,/Users/giorgio/Documents/Přezletice 26/Originální fotky/Prezletice jednotlivci Jun 30 2026/photo by Josef Adlt_R5A2917.jpg,/Users/giorgio/Documents/Přezletice 26/Originální fotky/01_kandidati/03_romana-bernardova/romana-bernardova__r5a2917.jpg,presunuto
kandidat,/Users/giorgio/Documents/Přezletice 26/Originální fotky/Prezletice jednotlivci Jun 30 2026/photo by Josef Adlt_R5A2918.jpg,/Users/giorgio/Documents/Přezletice 26/Originální fotky/01_kandidati/03_romana-bernardova/romana-bernardova__r5a2918.jpg,presunuto
kandidat,/Users/giorgio/Documents/Přezletice 26/Originální fotky/Prezletice jednotlivci Jun 30 2026/photo by Josef Adlt_R5A2946.jpg,/Users/giorgio/Documents/Přezletice 26/Originální fotky/01_kandidati/05_jan-kana/jan-kana__r5a2946.jpg,presunuto
kandidat,/Users/giorgio/Documents/Přezletice 26/Originální fotky/Prezletice jednotlivci Jun 30 2026/photo by Josef Adlt_R5A2947.jpg,/Users/giorgio/Documents/Přezletice 26/Originální fotky/01_kandidati/05_jan-kana/jan-kana__r5a2947.jpg,presunuto
kandidat,/Users/giorgio/Documents/Přezletice 26/Originální fotky/Prezletice jednotlivci Jun 30 2026/photo by Josef Adlt_R5A2948.jpg,/Users/giorgio/Documents/Přezletice 26/Originální fotky/01_kandidati/05_jan-kana/jan-kana__r5a2948.jpg,presunuto
kandidat,/Users/giorgio/Documents/Přezletice 26/Originální fotky/Prezletice jednotlivci Jun 30 2026/photo by Josef Adlt_R5A2949.jpg,/Users/giorgio/Documents/Přezletice 26/Originální fotky/01_kandidati/04_lenka-bulova/lenka-bulova__r5a2949.jpg,presunuto
kandidat,/Users/giorgio/Documents/Přezletice 26/Originální fotky/Prezletice jednotlivci Jun 30 2026/photo by Josef Adlt_R5A2950.jpg,/Users/giorgio/Documents/Přezletice 26/Originální fotky/01_kandidati/04_lenka-bulova/lenka-bulova__r5a2950.jpg,presunuto
kandidat,/Users/giorgio/Documents/Přezletice 26/Originální fotky/Prezletice jednotlivci Jun 30 2026/photo by Josef Adlt_R5A2951.jpg,/Users/giorgio/Documents/Přezletice 26/Originální fotky/01_kandidati/04_lenka-bulova/lenka-bulova__r5a2951.jpg,presunuto
kandidat,/Users/giorgio/Documents/Přezletice 26/Originální fotky/Prezletice jednotlivci Jun 30 2026/photo by Josef Adlt_R5A2952.jpg,/Users/giorgio/Documents/Přezletice 26/Originální fotky/01_kandidati/04_lenka-bulova/lenka-bulova__r5a2952.jpg,presunuto
kandidat,/Users/giorgio/Documents/Přezletice 26/Originální fotky/Prezletice jednotlivci Jun 30 2026/photo by Josef Adlt_R5A2954.jpg,/Users/giorgio/Documents/Přezletice 26/Originální fotky/01_kandidati/04_lenka-bulova/lenka-bulova__r5a2954.jpg,presunuto
kandidat,/Users/giorgio/Documents/Přezletice 26/Originální fotky/Prezletice jednotlivci Jun 30 2026/photo by Josef Adlt_R5A2955.jpg,/Users/giorgio/Documents/Přezletice 26/Originální fotky/01_kandidati/04_lenka-bulova/lenka-bulova__r5a2955.jpg,presunuto
kandidat,/Users/giorgio/Documents/Přezletice 26/Originální fotky/Prezletice jednotlivci Jun 30 2026/photo by Josef Adlt_R5A2956.jpg,/Users/giorgio/Documents/Přezletice 26/Originální fotky/01_kandidati/04_lenka-bulova/lenka-bulova__r5a2956.jpg,presunuto
kandidat,/Users/giorgio/Documents/Přezletice 26/Originální fotky/Prezletice jednotlivci Jun 30 2026/photo by Josef Adlt_R5A2958.jpg,/Users/giorgio/Documents/Přezletice 26/Originální fotky/01_kandidati/04_lenka-bulova/lenka-bulova__r5a2958.jpg,presunuto
kandidat,/Users/giorgio/Documents/Přezletice 26/Originální fotky/Prezletice jednotlivci Jun 30 2026/photo by Josef Adlt_R5A2959.jpg,/Users/giorgio/Documents/Přezletice 26/Originální fotky/01_kandidati/04_lenka-bulova/lenka-bulova__r5a2959.jpg,presunuto
kandidat,/Users/giorgio/Documents/Přezletice 26/Originální fotky/Prezletice jednotlivci Jun 30 2026/photo by Josef Adlt_R5A2960.jpg,/Users/giorgio/Documents/Přezletice 26/Originální fotky/01_kandidati/04_lenka-bulova/lenka-bulova__r5a2960.jpg,presunuto
kandidat,/Users/giorgio/Documents/Přezletice 26/Originální fotky/Prezletice jednotlivci Jun 30 2026/photo by Josef Adlt_R5A2961.jpg,/Users/giorgio/Documents/Přezletice 26/Originální fotky/01_kandidati/04_lenka-bulova/lenka-bulova__r5a2961.jpg,presunuto
kandidat,/Users/giorgio/Documents/Přezletice 26/Originální fotky/Prezletice jednotlivci Jun 30 2026/photo by Josef Adlt_R5A2962.jpg,/Users/giorgio/Documents/Přezletice 26/Originální fotky/01_kandidati/04_lenka-bulova/lenka-bulova__r5a2962.jpg,presunuto
kandidat,/Users/giorgio/Documents/Přezletice 26/Originální fotky/Prezletice jednotlivci Jun 30 2026/photo by Josef Adlt_R5A2963.jpg,/Users/giorgio/Documents/Přezletice 26/Originální fotky/01_kandidati/04_lenka-bulova/lenka-bulova__r5a2963.jpg,presunuto
kandidat,/Users/giorgio/Documents/Přezletice 26/Originální fotky/Prezletice jednotlivci Jun 30 2026/photo by Josef Adlt_R5A2964.jpg,/Users/giorgio/Documents/Přezletice 26/Originální fotky/01_kandidati/04_lenka-bulova/lenka-bulova__r5a2964.jpg,presunuto
kandidat,/Users/giorgio/Documents/Přezletice 26/Originální fotky/Prezletice jednotlivci Jun 30 2026/photo by Josef Adlt_R5A2965.jpg,/Users/giorgio/Documents/Přezletice 26/Originální fotky/01_kandidati/04_lenka-bulova/lenka-bulova__r5a2965.jpg,presunuto
kandidat,/Users/giorgio/Documents/Přezletice 26/Originální fotky/Prezletice jednotlivci Jun 30 2026/photo by Josef Adlt_R5A2966.jpg,/Users/giorgio/Documents/Přezletice 26/Originální fotky/01_kandidati/04_lenka-bulova/lenka-bulova__r5a2966.jpg,presunuto
kandidat,/Users/giorgio/Documents/Přezletice 26/Originální fotky/Prezletice jednotlivci Jun 30 2026/photo by Josef Adlt_R5A2967.jpg,/Users/giorgio/Documents/Přezletice 26/Originální fotky/01_kandidati/04_lenka-bulova/lenka-bulova__r5a2967.jpg,presunuto
kandidat,/Users/giorgio/Documents/Přezletice 26/Originální fotky/Prezletice jednotlivci Jun 30 2026/photo by Josef Adlt_R5A2968.jpg,/Users/giorgio/Documents/Přezletice 26/Originální fotky/01_kandidati/04_lenka-bulova/lenka-bulova__r5a2968.jpg,presunuto
kandidat,/Users/giorgio/Documents/Přezletice 26/Originální fotky/Prezletice jednotlivci Jun 30 2026/photo by Josef Adlt_R5A2969.jpg,/Users/giorgio/Documents/Přezletice 26/Originální fotky/01_kandidati/04_lenka-bulova/lenka-bulova__r5a2969.jpg,presunuto
kandidat,/Users/giorgio/Documents/Přezletice 26/Originální fotky/Prezletice jednotlivci Jun 30 2026/photo by Josef Adlt_R5A2970.jpg,/Users/giorgio/Documents/Přezletice 26/Originální fotky/01_kandidati/04_lenka-bulova/lenka-bulova__r5a2970.jpg,presunuto
kandidat,/Users/giorgio/Documents/Přezletice 26/Originální fotky/Prezletice jednotlivci Jun 30 2026/photo by Josef Adlt_R5A2971.jpg,/Users/giorgio/Documents/Přezletice 26/Originální fotky/01_kandidati/04_lenka-bulova/lenka-bulova__r5a2971.jpg,presunuto
kandidat,/Users/giorgio/Documents/Přezletice 26/Originální fotky/Prezletice jednotlivci Jun 30 2026/photo by Josef Adlt_R5A2972.jpg,/Users/giorgio/Documents/Přezletice 26/Originální fotky/01_kandidati/04_lenka-bulova/lenka-bulova__r5a2972.jpg,presunuto
kandidat,/Users/giorgio/Documents/Přezletice 26/Originální fotky/Prezletice jednotlivci Jun 30 2026/photo by Josef Adlt_R5A2973.jpg,/Users/giorgio/Documents/Přezletice 26/Originální fotky/01_kandidati/04_lenka-bulova/lenka-bulova__r5a2973.jpg,presunuto
kandidat,/Users/giorgio/Documents/Přezletice 26/Originální fotky/Prezletice jednotlivci Jun 30 2026/photo by Josef Adlt_R5A2974.jpg,/Users/giorgio/Documents/Přezletice 26/Originální fotky/01_kandidati/09_lenka-brozova/lenka-brozova__r5a2974.jpg,presunuto
kandidat,/Users/giorgio/Documents/Přezletice 26/Originální fotky/Prezletice jednotlivci Jun 30 2026/photo by Josef Adlt_R5A2975.jpg,/Users/giorgio/Documents/Přezletice 26/Originální fotky/01_kandidati/09_lenka-brozova/lenka-brozova__r5a2975.jpg,presunuto
kandidat,/Users/giorgio/Documents/Přezletice 26/Originální fotky/Prezletice jednotlivci Jun 30 2026/photo by Josef Adlt_R5A2976.jpg,/Users/giorgio/Documents/Přezletice 26/Originální fotky/01_kandidati/09_lenka-brozova/lenka-brozova__r5a2976.jpg,presunuto
kandidat,/Users/giorgio/Documents/Přezletice 26/Originální fotky/Prezletice jednotlivci Jun 30 2026/photo by Josef Adlt_R5A2979.jpg,/Users/giorgio/Documents/Přezletice 26/Originální fotky/01_kandidati/09_lenka-brozova/lenka-brozova__r5a2979.jpg,presunuto
kandidat,/Users/giorgio/Documents/Přezletice 26/Originální fotky/Prezletice jednotlivci Jun 30 2026/photo by Josef Adlt_R5A2980.jpg,/Users/giorgio/Documents/Přezletice 26/Originální fotky/01_kandidati/09_lenka-brozova/lenka-brozova__r5a2980.jpg,presunuto
kandidat,/Users/giorgio/Documents/Přezletice 26/Originální fotky/Prezletice jednotlivci Jun 30 2026/photo by Josef Adlt_R5A2981.jpg,/Users/giorgio/Documents/Přezletice 26/Originální fotky/01_kandidati/09_lenka-brozova/lenka-brozova__r5a2981.jpg,presunuto
kandidat,/Users/giorgio/Documents/Přezletice 26/Originální fotky/Prezletice jednotlivci Jun 30 2026/photo by Josef Adlt_R5A2982.jpg,/Users/giorgio/Documents/Přezletice 26/Originální fotky/01_kandidati/09_lenka-brozova/lenka-brozova__r5a2982.jpg,presunuto
kandidat,/Users/giorgio/Documents/Přezletice 26/Originální fotky/Prezletice jednotlivci Jun 30 2026/photo by Josef Adlt_R5A2983.jpg,/Users/giorgio/Documents/Přezletice 26/Originální fotky/01_kandidati/09_lenka-brozova/lenka-brozova__r5a2983.jpg,presunuto
kandidat,/Users/giorgio/Documents/Přezletice 26/Originální fotky/Prezletice jednotlivci Jun 30 2026/photo by Josef Adlt_R5A2984.jpg,/Users/giorgio/Documents/Přezletice 26/Originální fotky/01_kandidati/09_lenka-brozova/lenka-brozova__r5a2984.jpg,presunuto
kandidat,/Users/giorgio/Documents/Přezletice 26/Originální fotky/Prezletice jednotlivci Jun 30 2026/photo by Josef Adlt_R5A2988.jpg,/Users/giorgio/Documents/Přezletice 26/Originální fotky/01_kandidati/09_lenka-brozova/lenka-brozova__r5a2988.jpg,presunuto
kandidat,/Users/giorgio/Documents/Přezletice 26/Originální fotky/Prezletice jednotlivci Jun 30 2026/photo by Josef Adlt_R5A2990.jpg,/Users/giorgio/Documents/Přezletice 26/Originální fotky/01_kandidati/09_lenka-brozova/lenka-brozova__r5a2990.jpg,presunuto
kandidat,/Users/giorgio/Documents/Přezletice 26/Originální fotky/Prezletice jednotlivci Jun 30 2026/photo by Josef Adlt_R5A2992.jpg,/Users/giorgio/Documents/Přezletice 26/Originální fotky/01_kandidati/09_lenka-brozova/lenka-brozova__r5a2992.jpg,presunuto
kandidat,/Users/giorgio/Documents/Přezletice 26/Originální fotky/Prezletice jednotlivci Jun 30 2026/photo by Josef Adlt_R5A2993.jpg,/Users/giorgio/Documents/Přezletice 26/Originální fotky/01_kandidati/09_lenka-brozova/lenka-brozova__r5a2993.jpg,presunuto
kandidat,/Users/giorgio/Documents/Přezletice 26/Originální fotky/Prezletice jednotlivci Jun 30 2026/photo by Josef Adlt_R5A2994.jpg,/Users/giorgio/Documents/Přezletice 26/Originální fotky/01_kandidati/09_lenka-brozova/lenka-brozova__r5a2994.jpg,presunuto
kandidat,/Users/giorgio/Documents/Přezletice 26/Originální fotky/Prezletice jednotlivci Jun 30 2026/photo by Josef Adlt_R5A2995.jpg,/Users/giorgio/Documents/Přezletice 26/Originální fotky/01_kandidati/09_lenka-brozova/lenka-brozova__r5a2995.jpg,presunuto
kandidat,/Users/giorgio/Documents/Přezletice 26/Originální fotky/Prezletice jednotlivci Jun 30 2026/photo by Josef Adlt_R5A2996.jpg,/Users/giorgio/Documents/Přezletice 26/Originální fotky/01_kandidati/09_lenka-brozova/lenka-brozova__r5a2996.jpg,presunuto
tym-a-prapor,/Users/giorgio/Documents/Přezletice 26/Originální fotky/adlt_prezletice_skupinova-a-prapor_2026-06-30_2005/_R5A2780.jpg,/Users/giorgio/Documents/Přezletice 26/Originální fotky/01_kandidati/12_tym-a-prapor/tym-a-prapor__r5a2780.jpg,presunuto
tym-a-prapor,/Users/giorgio/Documents/Přezletice 26/Originální fotky/adlt_prezletice_skupinova-a-prapor_2026-06-30_2005/_R5A2781.jpg,/Users/giorgio/Documents/Přezletice 26/Originální fotky/01_kandidati/12_tym-a-prapor/tym-a-prapor__r5a2781.jpg,presunuto
tym-a-prapor,/Users/giorgio/Documents/Přezletice 26/Originální fotky/adlt_prezletice_skupinova-a-prapor_2026-06-30_2005/_R5A2782.jpg,/Users/giorgio/Documents/Přezletice 26/Originální fotky/01_kandidati/12_tym-a-prapor/tym-a-prapor__r5a2782.jpg,presunuto
tym-a-prapor,/Users/giorgio/Documents/Přezletice 26/Originální fotky/adlt_prezletice_skupinova-a-prapor_2026-06-30_2005/_R5A2791.jpg,/Users/giorgio/Documents/Přezletice 26/Originální fotky/01_kandidati/12_tym-a-prapor/tym-a-prapor__r5a2791.jpg,presunuto
tym-a-prapor,/Users/giorgio/Documents/Přezletice 26/Originální fotky/adlt_prezletice_skupinova-a-prapor_2026-06-30_2005/_R5A2801.jpg,/Users/giorgio/Documents/Přezletice 26/Originální fotky/01_kandidati/12_tym-a-prapor/tym-a-prapor__r5a2801.jpg,presunuto
tym-a-prapor,/Users/giorgio/Documents/Přezletice 26/Originální fotky/adlt_prezletice_skupinova-a-prapor_2026-06-30_2005/_R5A2803.jpg,/Users/giorgio/Documents/Přezletice 26/Originální fotky/01_kandidati/12_tym-a-prapor/tym-a-prapor__r5a2803.jpg,presunuto
tym-a-prapor,/Users/giorgio/Documents/Přezletice 26/Originální fotky/adlt_prezletice_skupinova-a-prapor_2026-06-30_2005/_R5A2804.jpg,/Users/giorgio/Documents/Přezletice 26/Originální fotky/01_kandidati/12_tym-a-prapor/tym-a-prapor__r5a2804.jpg,presunuto
tym-a-prapor,/Users/giorgio/Documents/Přezletice 26/Originální fotky/adlt_prezletice_skupinova-a-prapor_2026-06-30_2005/_R5A2808.jpg,/Users/giorgio/Documents/Přezletice 26/Originální fotky/01_kandidati/12_tym-a-prapor/tym-a-prapor__r5a2808.jpg,presunuto
tym-a-prapor,/Users/giorgio/Documents/Přezletice 26/Originální fotky/adlt_prezletice_skupinova-a-prapor_2026-06-30_2005/_R5A2809.jpg,/Users/giorgio/Documents/Přezletice 26/Originální fotky/01_kandidati/12_tym-a-prapor/tym-a-prapor__r5a2809.jpg,presunuto
tym-a-prapor,/Users/giorgio/Documents/Přezletice 26/Originální fotky/adlt_prezletice_skupinova-a-prapor_2026-06-30_2005/_R5A2811.jpg,/Users/giorgio/Documents/Přezletice 26/Originální fotky/01_kandidati/12_tym-a-prapor/tym-a-prapor__r5a2811.jpg,presunuto
tym-a-prapor,/Users/giorgio/Documents/Přezletice 26/Originální fotky/adlt_prezletice_skupinova-a-prapor_2026-06-30_2005/_R5A2812.jpg,/Users/giorgio/Documents/Přezletice 26/Originální fotky/01_kandidati/12_tym-a-prapor/tym-a-prapor__r5a2812.jpg,presunuto
projekt,/Users/giorgio/Documents/Přezletice 26/Originální fotky/adlt_prezletice_objekty_2026-07-04_1752/_Y7A6644.jpg,/Users/giorgio/Documents/Přezletice 26/Originální fotky/02_projekty/00_nezarazene/nezarazeno__y7a6644.jpg,presunuto
projekt,/Users/giorgio/Documents/Přezletice 26/Originální fotky/adlt_prezletice_objekty_2026-07-04_1752/_Y7A6645.jpg,/Users/giorgio/Documents/Přezletice 26/Originální fotky/02_projekty/00_nezarazene/nezarazeno__y7a6645.jpg,presunuto
projekt,/Users/giorgio/Documents/Přezletice 26/Originální fotky/adlt_prezletice_objekty_2026-07-04_1752/_Y7A6646.jpg,/Users/giorgio/Documents/Přezletice 26/Originální fotky/02_projekty/00_nezarazene/nezarazeno__y7a6646.jpg,presunuto
projekt,/Users/giorgio/Documents/Přezletice 26/Originální fotky/adlt_prezletice_objekty_2026-07-04_1752/_Y7A6647.jpg,/Users/giorgio/Documents/Přezletice 26/Originální fotky/02_projekty/04_skolstvi/svazkova-skola-a-jidelna/svazkova-skola-a-jidelna__y7a6647.jpg,presunuto
projekt,/Users/giorgio/Documents/Přezletice 26/Originální fotky/adlt_prezletice_objekty_2026-07-04_1752/_Y7A6648.jpg,/Users/giorgio/Documents/Přezletice 26/Originální fotky/02_projekty/04_skolstvi/svazkova-skola-a-jidelna/svazkova-skola-a-jidelna__y7a6648.jpg,presunuto
projekt,/Users/giorgio/Documents/Přezletice 26/Originální fotky/adlt_prezletice_objekty_2026-07-04_1752/_Y7A6649.jpg,/Users/giorgio/Documents/Přezletice 26/Originální fotky/02_projekty/04_skolstvi/svazkova-skola-a-jidelna/svazkova-skola-a-jidelna__y7a6649.jpg,presunuto
projekt,/Users/giorgio/Documents/Přezletice 26/Originální fotky/adlt_prezletice_objekty_2026-07-04_1752/_Y7A6650.jpg,/Users/giorgio/Documents/Přezletice 26/Originální fotky/02_projekty/04_skolstvi/svazkova-skola-a-jidelna/svazkova-skola-a-jidelna__y7a6650.jpg,presunuto
projekt,/Users/giorgio/Documents/Přezletice 26/Originální fotky/adlt_prezletice_objekty_2026-07-04_1752/_Y7A6651.jpg,/Users/giorgio/Documents/Přezletice 26/Originální fotky/02_projekty/04_skolstvi/svazkova-skola-a-jidelna/svazkova-skola-a-jidelna__y7a6651.jpg,presunuto
projekt,/Users/giorgio/Documents/Přezletice 26/Originální fotky/adlt_prezletice_objekty_2026-07-04_1752/_Y7A6652.jpg,/Users/giorgio/Documents/Přezletice 26/Originální fotky/02_projekty/04_skolstvi/svazkova-skola-a-jidelna/svazkova-skola-a-jidelna__y7a6652.jpg,presunuto
projekt,/Users/giorgio/Documents/Přezletice 26/Originální fotky/adlt_prezletice_objekty_2026-07-04_1752/_Y7A6653.jpg,/Users/giorgio/Documents/Přezletice 26/Originální fotky/02_projekty/04_skolstvi/svazkova-skola-a-jidelna/svazkova-skola-a-jidelna__y7a6653.jpg,presunuto
projekt,/Users/giorgio/Documents/Přezletice 26/Originální fotky/adlt_prezletice_objekty_2026-07-04_1752/_Y7A6654.jpg,/Users/giorgio/Documents/Přezletice 26/Originální fotky/02_projekty/04_skolstvi/svazkova-skola-a-jidelna/svazkova-skola-a-jidelna__y7a6654.jpg,presunuto
projekt,/Users/giorgio/Documents/Přezletice 26/Originální fotky/adlt_prezletice_objekty_2026-07-04_1752/_Y7A6655.jpg,/Users/giorgio/Documents/Přezletice 26/Originální fotky/02_projekty/04_skolstvi/svazkova-skola-a-jidelna/svazkova-skola-a-jidelna__y7a6655.jpg,presunuto
projekt,/Users/giorgio/Documents/Přezletice 26/Originální fotky/adlt_prezletice_objekty_2026-07-04_1752/_Y7A6656.jpg,/Users/giorgio/Documents/Přezletice 26/Originální fotky/02_projekty/04_skolstvi/svazkova-skola-a-jidelna/svazkova-skola-a-jidelna__y7a6656.jpg,presunuto
projekt,/Users/giorgio/Documents/Přezletice 26/Originální fotky/adlt_prezletice_objekty_2026-07-04_1752/_Y7A6657.jpg,/Users/giorgio/Documents/Přezletice 26/Originální fotky/02_projekty/04_skolstvi/svazkova-skola-a-jidelna/svazkova-skola-a-jidelna__y7a6657.jpg,presunuto
projekt,/Users/giorgio/Documents/Přezletice 26/Originální fotky/adlt_prezletice_objekty_2026-07-04_1752/_Y7A6658.jpg,/Users/giorgio/Documents/Přezletice 26/Originální fotky/02_projekty/04_skolstvi/svazkova-skola-a-jidelna/svazkova-skola-a-jidelna__y7a6658.jpg,presunuto
projekt,/Users/giorgio/Documents/Přezletice 26/Originální fotky/adlt_prezletice_objekty_2026-07-04_1752/_Y7A6659.jpg,/Users/giorgio/Documents/Přezletice 26/Originální fotky/02_projekty/00_nezarazene/nezarazeno__y7a6659.jpg,presunuto
projekt,/Users/giorgio/Documents/Přezletice 26/Originální fotky/adlt_prezletice_objekty_2026-07-04_1752/_Y7A6660.jpg,/Users/giorgio/Documents/Přezletice 26/Originální fotky/02_projekty/00_nezarazene/nezarazeno__y7a6660.jpg,presunuto
projekt,/Users/giorgio/Documents/Přezletice 26/Originální fotky/adlt_prezletice_objekty_2026-07-04_1752/_Y7A6661.jpg,/Users/giorgio/Documents/Přezletice 26/Originální fotky/02_projekty/01_zivotni_prostredi/dalsi-lokalni-zelen/dalsi-lokalni-zelen__y7a6661.jpg,presunuto
projekt,/Users/giorgio/Documents/Přezletice 26/Originální fotky/adlt_prezletice_objekty_2026-07-04_1752/_Y7A6662.jpg,/Users/giorgio/Documents/Přezletice 26/Originální fotky/02_projekty/01_zivotni_prostredi/zelen-mistni-komunikace/zelen-mistni-komunikace__y7a6662.jpg,presunuto
projekt,/Users/giorgio/Documents/Přezletice 26/Originální fotky/adlt_prezletice_objekty_2026-07-04_1752/_Y7A6663.jpg,/Users/giorgio/Documents/Přezletice 26/Originální fotky/02_projekty/01_zivotni_prostredi/zelen-mistni-komunikace/zelen-mistni-komunikace__y7a6663.jpg,presunuto
projekt,/Users/giorgio/Documents/Přezletice 26/Originální fotky/adlt_prezletice_objekty_2026-07-04_1752/_Y7A6664.jpg,/Users/giorgio/Documents/Přezletice 26/Originální fotky/02_projekty/01_zivotni_prostredi/zelen-mistni-komunikace/zelen-mistni-komunikace__y7a6664.jpg,presunuto
projekt,/Users/giorgio/Documents/Přezletice 26/Originální fotky/adlt_prezletice_objekty_2026-07-04_1752/_Y7A6665.jpg,/Users/giorgio/Documents/Přezletice 26/Originální fotky/02_projekty/01_zivotni_prostredi/zelen-mistni-komunikace/zelen-mistni-komunikace__y7a6665.jpg,presunuto
projekt,/Users/giorgio/Documents/Přezletice 26/Originální fotky/adlt_prezletice_objekty_2026-07-04_1752/_Y7A6666.jpg,/Users/giorgio/Documents/Přezletice 26/Originální fotky/02_projekty/01_zivotni_prostredi/zelen-mistni-komunikace/zelen-mistni-komunikace__y7a6666.jpg,presunuto
projekt,/Users/giorgio/Documents/Přezletice 26/Originální fotky/adlt_prezletice_objekty_2026-07-04_1752/_Y7A6667.jpg,/Users/giorgio/Documents/Přezletice 26/Originální fotky/02_projekty/01_zivotni_prostredi/zelen-mistni-komunikace/zelen-mistni-komunikace__y7a6667.jpg,presunuto
projekt,/Users/giorgio/Documents/Přezletice 26/Originální fotky/adlt_prezletice_objekty_2026-07-04_1752/_Y7A6668.jpg,/Users/giorgio/Documents/Přezletice 26/Originální fotky/02_projekty/01_zivotni_prostredi/zelen-mistni-komunikace/zelen-mistni-komunikace__y7a6668.jpg,presunuto
projekt,/Users/giorgio/Documents/Přezletice 26/Originální fotky/adlt_prezletice_objekty_2026-07-04_1752/_Y7A6669.jpg,/Users/giorgio/Documents/Přezletice 26/Originální fotky/02_projekty/01_zivotni_prostredi/zelen-mistni-komunikace/zelen-mistni-komunikace__y7a6669.jpg,presunuto
projekt,/Users/giorgio/Documents/Přezletice 26/Originální fotky/adlt_prezletice_objekty_2026-07-04_1752/_Y7A6670.jpg,/Users/giorgio/Documents/Přezletice 26/Originální fotky/02_projekty/01_zivotni_prostredi/zelen-mistni-komunikace/zelen-mistni-komunikace__y7a6670.jpg,presunuto
projekt,/Users/giorgio/Documents/Přezletice 26/Originální fotky/adlt_prezletice_objekty_2026-07-04_1752/_Y7A6671.jpg,/Users/giorgio/Documents/Přezletice 26/Originální fotky/02_projekty/01_zivotni_prostredi/zelen-prutahove-komunikace/zelen-prutahove-komunikace__y7a6671.jpg,presunuto
projekt,/Users/giorgio/Documents/Přezletice 26/Originální fotky/adlt_prezletice_objekty_2026-07-04_1752/_Y7A6672.jpg,/Users/giorgio/Documents/Přezletice 26/Originální fotky/02_projekty/01_zivotni_prostredi/zelen-prutahove-komunikace/zelen-prutahove-komunikace__y7a6672.jpg,presunuto
projekt,/Users/giorgio/Documents/Přezletice 26/Originální fotky/adlt_prezletice_objekty_2026-07-04_1752/_Y7A6673.jpg,/Users/giorgio/Documents/Přezletice 26/Originální fotky/02_projekty/01_zivotni_prostredi/zelen-prutahove-komunikace/zelen-prutahove-komunikace__y7a6673.jpg,presunuto
projekt,/Users/giorgio/Documents/Přezletice 26/Originální fotky/adlt_prezletice_objekty_2026-07-04_1752/_Y7A6674.jpg,/Users/giorgio/Documents/Přezletice 26/Originální fotky/02_projekty/01_zivotni_prostredi/zelen-mistni-komunikace/zelen-mistni-komunikace__y7a6674.jpg,presunuto
projekt,/Users/giorgio/Documents/Přezletice 26/Originální fotky/adlt_prezletice_objekty_2026-07-04_1752/_Y7A6675.jpg,/Users/giorgio/Documents/Přezletice 26/Originální fotky/02_projekty/01_zivotni_prostredi/zelen-mistni-komunikace/zelen-mistni-komunikace__y7a6675.jpg,presunuto
projekt,/Users/giorgio/Documents/Přezletice 26/Originální fotky/adlt_prezletice_objekty_2026-07-04_1752/_Y7A6676.jpg,/Users/giorgio/Documents/Přezletice 26/Originální fotky/02_projekty/01_zivotni_prostredi/zelen-mistni-komunikace/zelen-mistni-komunikace__y7a6676.jpg,presunuto
projekt,/Users/giorgio/Documents/Přezletice 26/Originální fotky/adlt_prezletice_objekty_2026-07-04_1752/_Y7A6677.jpg,/Users/giorgio/Documents/Přezletice 26/Originální fotky/02_projekty/01_zivotni_prostredi/zelen-mistni-komunikace/zelen-mistni-komunikace__y7a6677.jpg,presunuto
projekt,/Users/giorgio/Documents/Přezletice 26/Originální fotky/adlt_prezletice_objekty_2026-07-04_1752/_Y7A6678.jpg,/Users/giorgio/Documents/Přezletice 26/Originální fotky/02_projekty/00_nezarazene/nezarazeno__y7a6678.jpg,presunuto
projekt,/Users/giorgio/Documents/Přezletice 26/Originální fotky/adlt_prezletice_objekty_2026-07-04_1752/_Y7A6679.jpg,/Users/giorgio/Documents/Přezletice 26/Originální fotky/02_projekty/00_nezarazene/nezarazeno__y7a6679.jpg,presunuto
projekt,/Users/giorgio/Documents/Přezletice 26/Originální fotky/adlt_prezletice_objekty_2026-07-04_1752/_Y7A6680.jpg,/Users/giorgio/Documents/Přezletice 26/Originální fotky/02_projekty/01_zivotni_prostredi/hruskove-aleje-a-dalsi-zelen/hruskove-aleje-a-dalsi-zelen__y7a6680.jpg,presunuto
projekt,/Users/giorgio/Documents/Přezletice 26/Originální fotky/adlt_prezletice_objekty_2026-07-04_1752/_Y7A6681.jpg,/Users/giorgio/Documents/Přezletice 26/Originální fotky/02_projekty/01_zivotni_prostredi/hruskove-aleje-a-dalsi-zelen/hruskove-aleje-a-dalsi-zelen__y7a6681.jpg,presunuto
projekt,/Users/giorgio/Documents/Přezletice 26/Originální fotky/adlt_prezletice_objekty_2026-07-04_1752/_Y7A6682.jpg,/Users/giorgio/Documents/Přezletice 26/Originální fotky/02_projekty/01_zivotni_prostredi/hruskove-aleje-a-dalsi-zelen/hruskove-aleje-a-dalsi-zelen__y7a6682.jpg,presunuto
projekt,/Users/giorgio/Documents/Přezletice 26/Originální fotky/adlt_prezletice_objekty_2026-07-04_1752/_Y7A6683.jpg,/Users/giorgio/Documents/Přezletice 26/Originální fotky/02_projekty/01_zivotni_prostredi/hruskove-aleje-a-dalsi-zelen/hruskove-aleje-a-dalsi-zelen__y7a6683.jpg,presunuto
projekt,/Users/giorgio/Documents/Přezletice 26/Originální fotky/adlt_prezletice_objekty_2026-07-04_1752/_Y7A6684.jpg,/Users/giorgio/Documents/Přezletice 26/Originální fotky/02_projekty/01_zivotni_prostredi/hruskove-aleje-a-dalsi-zelen/hruskove-aleje-a-dalsi-zelen__y7a6684.jpg,presunuto
projekt,/Users/giorgio/Documents/Přezletice 26/Originální fotky/adlt_prezletice_objekty_2026-07-04_1752/_Y7A6685.jpg,/Users/giorgio/Documents/Přezletice 26/Originální fotky/02_projekty/01_zivotni_prostredi/hruskove-aleje-a-dalsi-zelen/hruskove-aleje-a-dalsi-zelen__y7a6685.jpg,presunuto
projekt,/Users/giorgio/Documents/Přezletice 26/Originální fotky/adlt_prezletice_objekty_2026-07-04_1752/_Y7A6686.jpg,/Users/giorgio/Documents/Přezletice 26/Originální fotky/02_projekty/01_zivotni_prostredi/hruskove-aleje-a-dalsi-zelen/hruskove-aleje-a-dalsi-zelen__y7a6686.jpg,presunuto
projekt,/Users/giorgio/Documents/Přezletice 26/Originální fotky/adlt_prezletice_objekty_2026-07-04_1752/_Y7A6687.jpg,/Users/giorgio/Documents/Přezletice 26/Originální fotky/02_projekty/01_zivotni_prostredi/hruskove-aleje-a-dalsi-zelen/hruskove-aleje-a-dalsi-zelen__y7a6687.jpg,presunuto
projekt,/Users/giorgio/Documents/Přezletice 26/Originální fotky/adlt_prezletice_objekty_2026-07-04_1752/_Y7A6688.jpg,/Users/giorgio/Documents/Přezletice 26/Originální fotky/02_projekty/04_skolstvi/druhy-pavilon-ms/druhy-pavilon-ms__y7a6688.jpg,presunuto
projekt,/Users/giorgio/Documents/Přezletice 26/Originální fotky/adlt_prezletice_objekty_2026-07-04_1752/_Y7A6689.jpg,/Users/giorgio/Documents/Přezletice 26/Originální fotky/02_projekty/04_skolstvi/druhy-pavilon-ms/druhy-pavilon-ms__y7a6689.jpg,presunuto
projekt,/Users/giorgio/Documents/Přezletice 26/Originální fotky/adlt_prezletice_objekty_2026-07-04_1752/_Y7A6690.jpg,/Users/giorgio/Documents/Přezletice 26/Originální fotky/02_projekty/04_skolstvi/druhy-pavilon-ms/druhy-pavilon-ms__y7a6690.jpg,presunuto
projekt,/Users/giorgio/Documents/Přezletice 26/Originální fotky/adlt_prezletice_objekty_2026-07-04_1752/_Y7A6691.jpg,/Users/giorgio/Documents/Přezletice 26/Originální fotky/02_projekty/04_skolstvi/druhy-pavilon-ms/druhy-pavilon-ms__y7a6691.jpg,presunuto
projekt,/Users/giorgio/Documents/Přezletice 26/Originální fotky/adlt_prezletice_objekty_2026-07-04_1752/_Y7A6692.jpg,/Users/giorgio/Documents/Přezletice 26/Originální fotky/02_projekty/04_skolstvi/druhy-pavilon-ms/druhy-pavilon-ms__y7a6692.jpg,presunuto
projekt,/Users/giorgio/Documents/Přezletice 26/Originální fotky/adlt_prezletice_objekty_2026-07-04_1752/_Y7A6693.jpg,/Users/giorgio/Documents/Přezletice 26/Originální fotky/02_projekty/04_skolstvi/druhy-pavilon-ms/druhy-pavilon-ms__y7a6693.jpg,presunuto
projekt,/Users/giorgio/Documents/Přezletice 26/Originální fotky/adlt_prezletice_objekty_2026-07-04_1752/_Y7A6694.jpg,/Users/giorgio/Documents/Přezletice 26/Originální fotky/02_projekty/04_skolstvi/druhy-pavilon-ms/druhy-pavilon-ms__y7a6694.jpg,presunuto
projekt,/Users/giorgio/Documents/Přezletice 26/Originální fotky/adlt_prezletice_objekty_2026-07-04_1752/_Y7A6695.jpg,/Users/giorgio/Documents/Přezletice 26/Originální fotky/02_projekty/01_zivotni_prostredi/zahrada-ms/zahrada-ms__y7a6695.jpg,presunuto
projekt,/Users/giorgio/Documents/Přezletice 26/Originální fotky/adlt_prezletice_objekty_2026-07-04_1752/_Y7A6696.jpg,/Users/giorgio/Documents/Přezletice 26/Originální fotky/02_projekty/01_zivotni_prostredi/zahrada-ms/zahrada-ms__y7a6696.jpg,presunuto
projekt,/Users/giorgio/Documents/Přezletice 26/Originální fotky/adlt_prezletice_objekty_2026-07-04_1752/_Y7A6697.jpg,/Users/giorgio/Documents/Přezletice 26/Originální fotky/02_projekty/01_zivotni_prostredi/zahrada-ms/zahrada-ms__y7a6697.jpg,presunuto
projekt,/Users/giorgio/Documents/Přezletice 26/Originální fotky/adlt_prezletice_objekty_2026-07-04_1752/_Y7A6698.jpg,/Users/giorgio/Documents/Přezletice 26/Originální fotky/02_projekty/01_zivotni_prostredi/zahrada-ms/zahrada-ms__y7a6698.jpg,presunuto
projekt,/Users/giorgio/Documents/Přezletice 26/Originální fotky/adlt_prezletice_objekty_2026-07-04_1752/_Y7A6699.jpg,/Users/giorgio/Documents/Přezletice 26/Originální fotky/02_projekty/01_zivotni_prostredi/zahrada-ms/zahrada-ms__y7a6699.jpg,presunuto
projekt,/Users/giorgio/Documents/Přezletice 26/Originální fotky/adlt_prezletice_objekty_2026-07-04_1752/_Y7A6700.jpg,/Users/giorgio/Documents/Přezletice 26/Originální fotky/02_projekty/01_zivotni_prostredi/zahrada-ms/zahrada-ms__y7a6700.jpg,presunuto
projekt,/Users/giorgio/Documents/Přezletice 26/Originální fotky/adlt_prezletice_objekty_2026-07-04_1752/_Y7A6701.jpg,/Users/giorgio/Documents/Přezletice 26/Originální fotky/02_projekty/01_zivotni_prostredi/zahrada-ms/zahrada-ms__y7a6701.jpg,presunuto
projekt,/Users/giorgio/Documents/Přezletice 26/Originální fotky/adlt_prezletice_objekty_2026-07-04_1752/_Y7A6702.jpg,/Users/giorgio/Documents/Přezletice 26/Originální fotky/02_projekty/01_zivotni_prostredi/zahrada-ms/zahrada-ms__y7a6702.jpg,presunuto
projekt,/Users/giorgio/Documents/Přezletice 26/Originální fotky/adlt_prezletice_objekty_2026-07-04_1752/_Y7A6703.jpg,/Users/giorgio/Documents/Přezletice 26/Originální fotky/02_projekty/01_zivotni_prostredi/zahrada-ms/zahrada-ms__y7a6703.jpg,presunuto
projekt,/Users/giorgio/Documents/Přezletice 26/Originální fotky/adlt_prezletice_objekty_2026-07-04_1752/_Y7A6704.jpg,/Users/giorgio/Documents/Přezletice 26/Originální fotky/02_projekty/01_zivotni_prostredi/zahrada-ms/zahrada-ms__y7a6704.jpg,presunuto
projekt,/Users/giorgio/Documents/Přezletice 26/Originální fotky/adlt_prezletice_objekty_2026-07-04_1752/_Y7A6705.jpg,/Users/giorgio/Documents/Přezletice 26/Originální fotky/02_projekty/01_zivotni_prostredi/zahrada-ms/zahrada-ms__y7a6705.jpg,presunuto
projekt,/Users/giorgio/Documents/Přezletice 26/Originální fotky/adlt_prezletice_objekty_2026-07-04_1752/_Y7A6706.jpg,/Users/giorgio/Documents/Přezletice 26/Originální fotky/02_projekty/01_zivotni_prostredi/zahrada-ms/zahrada-ms__y7a6706.jpg,presunuto
projekt,/Users/giorgio/Documents/Přezletice 26/Originální fotky/adlt_prezletice_objekty_2026-07-04_1752/_Y7A6709-2.jpg,/Users/giorgio/Documents/Přezletice 26/Originální fotky/02_projekty/07_infrastruktura/podzemni-kontejnery/podzemni-kontejnery__y7a6709.jpg,presunuto
projekt,/Users/giorgio/Documents/Přezletice 26/Originální fotky/adlt_prezletice_objekty_2026-07-04_1752/_Y7A6710-2.jpg,/Users/giorgio/Documents/Přezletice 26/Originální fotky/02_projekty/07_infrastruktura/podzemni-kontejnery/podzemni-kontejnery__y7a6710.jpg,presunuto
projekt,/Users/giorgio/Documents/Přezletice 26/Originální fotky/adlt_prezletice_objekty_2026-07-04_1752/_Y7A6711.jpg,/Users/giorgio/Documents/Přezletice 26/Originální fotky/02_projekty/07_infrastruktura/podzemni-kontejnery/podzemni-kontejnery__y7a6711.jpg,presunuto
projekt,/Users/giorgio/Documents/Přezletice 26/Originální fotky/adlt_prezletice_objekty_2026-07-04_1752/_Y7A6712.jpg,/Users/giorgio/Documents/Přezletice 26/Originální fotky/02_projekty/07_infrastruktura/podzemni-kontejnery/podzemni-kontejnery__y7a6712.jpg,presunuto
projekt,/Users/giorgio/Documents/Přezletice 26/Originální fotky/adlt_prezletice_objekty_2026-07-04_1752/_Y7A6713.jpg,/Users/giorgio/Documents/Přezletice 26/Originální fotky/02_projekty/06_kultura/sokolovna-a-restaurace-na-namesti/sokolovna-a-restaurace-na-namesti__y7a6713.jpg,presunuto
projekt,/Users/giorgio/Documents/Přezletice 26/Originální fotky/adlt_prezletice_objekty_2026-07-04_1752/_Y7A6714.jpg,/Users/giorgio/Documents/Přezletice 26/Originální fotky/02_projekty/06_kultura/sokolovna-a-restaurace-na-namesti/sokolovna-a-restaurace-na-namesti__y7a6714.jpg,presunuto
projekt,/Users/giorgio/Documents/Přezletice 26/Originální fotky/adlt_prezletice_objekty_2026-07-04_1752/_Y7A6715.jpg,/Users/giorgio/Documents/Přezletice 26/Originální fotky/02_projekty/06_kultura/sokolovna-a-restaurace-na-namesti/sokolovna-a-restaurace-na-namesti__y7a6715.jpg,presunuto
projekt,/Users/giorgio/Documents/Přezletice 26/Originální fotky/adlt_prezletice_objekty_2026-07-04_1752/_Y7A6716.jpg,/Users/giorgio/Documents/Přezletice 26/Originální fotky/02_projekty/06_kultura/sokolovna-a-restaurace-na-namesti/sokolovna-a-restaurace-na-namesti__y7a6716.jpg,presunuto
projekt,/Users/giorgio/Documents/Přezletice 26/Originální fotky/adlt_prezletice_objekty_2026-07-04_1752/_Y7A6717.jpg,/Users/giorgio/Documents/Přezletice 26/Originální fotky/02_projekty/03_bezpecnost/obecni-policie/obecni-policie__y7a6717.jpg,presunuto
projekt,/Users/giorgio/Documents/Přezletice 26/Originální fotky/adlt_prezletice_objekty_2026-07-04_1752/_Y7A6718.jpg,/Users/giorgio/Documents/Přezletice 26/Originální fotky/02_projekty/07_infrastruktura/postovni-vydejni-boxy/postovni-vydejni-boxy__y7a6718.jpg,presunuto
projekt,/Users/giorgio/Documents/Přezletice 26/Originální fotky/adlt_prezletice_objekty_2026-07-04_1752/_Y7A6719.jpg,/Users/giorgio/Documents/Přezletice 26/Originální fotky/02_projekty/07_infrastruktura/postovni-vydejni-boxy/postovni-vydejni-boxy__y7a6719.jpg,presunuto
projekt,/Users/giorgio/Documents/Přezletice 26/Originální fotky/adlt_prezletice_objekty_2026-07-04_1752/_Y7A6720.jpg,/Users/giorgio/Documents/Přezletice 26/Originální fotky/02_projekty/07_infrastruktura/postovni-vydejni-boxy/postovni-vydejni-boxy__y7a6720.jpg,presunuto
projekt,/Users/giorgio/Documents/Přezletice 26/Originální fotky/adlt_prezletice_objekty_2026-07-04_1752/_Y7A6721.jpg,/Users/giorgio/Documents/Přezletice 26/Originální fotky/02_projekty/07_infrastruktura/postovni-vydejni-boxy/postovni-vydejni-boxy__y7a6721.jpg,presunuto
projekt,/Users/giorgio/Documents/Přezletice 26/Originální fotky/adlt_prezletice_objekty_2026-07-04_1752/_Y7A6722.jpg,/Users/giorgio/Documents/Přezletice 26/Originální fotky/02_projekty/01_zivotni_prostredi/zelen-prutahove-komunikace/zelen-prutahove-komunikace__y7a6722.jpg,presunuto
projekt,/Users/giorgio/Documents/Přezletice 26/Originální fotky/adlt_prezletice_objekty_2026-07-04_1752/_Y7A6723.jpg,/Users/giorgio/Documents/Přezletice 26/Originální fotky/02_projekty/01_zivotni_prostredi/zelen-prutahove-komunikace/zelen-prutahove-komunikace__y7a6723.jpg,presunuto
projekt,/Users/giorgio/Documents/Přezletice 26/Originální fotky/adlt_prezletice_objekty_2026-07-04_1752/_Y7A6724.jpg,/Users/giorgio/Documents/Přezletice 26/Originální fotky/02_projekty/01_zivotni_prostredi/zelen-prutahove-komunikace/zelen-prutahove-komunikace__y7a6724.jpg,presunuto
projekt,/Users/giorgio/Documents/Přezletice 26/Originální fotky/adlt_prezletice_objekty_2026-07-04_1752/_Y7A6726.jpg,/Users/giorgio/Documents/Přezletice 26/Originální fotky/02_projekty/01_zivotni_prostredi/zelen-prutahove-komunikace/zelen-prutahove-komunikace__y7a6726.jpg,presunuto
projekt,/Users/giorgio/Documents/Přezletice 26/Originální fotky/adlt_prezletice_objekty_2026-07-04_1752/_Y7A6727.jpg,/Users/giorgio/Documents/Přezletice 26/Originální fotky/02_projekty/07_infrastruktura/kaplicka-a-zvon/kaplicka-a-zvon__y7a6727.jpg,presunuto
projekt,/Users/giorgio/Documents/Přezletice 26/Originální fotky/adlt_prezletice_objekty_2026-07-04_1752/_Y7A6728.jpg,/Users/giorgio/Documents/Přezletice 26/Originální fotky/02_projekty/07_infrastruktura/kaplicka-a-zvon/kaplicka-a-zvon__y7a6728.jpg,presunuto
projekt,/Users/giorgio/Documents/Přezletice 26/Originální fotky/adlt_prezletice_objekty_2026-07-04_1752/_Y7A6729.jpg,/Users/giorgio/Documents/Přezletice 26/Originální fotky/02_projekty/07_infrastruktura/kaplicka-a-zvon/kaplicka-a-zvon__y7a6729.jpg,presunuto
projekt,/Users/giorgio/Documents/Přezletice 26/Originální fotky/adlt_prezletice_objekty_2026-07-04_1752/_Y7A6730.jpg,/Users/giorgio/Documents/Přezletice 26/Originální fotky/02_projekty/07_infrastruktura/kaplicka-a-zvon/kaplicka-a-zvon__y7a6730.jpg,presunuto
projekt,/Users/giorgio/Documents/Přezletice 26/Originální fotky/adlt_prezletice_objekty_2026-07-04_1752/_Y7A6731.jpg,/Users/giorgio/Documents/Přezletice 26/Originální fotky/02_projekty/07_infrastruktura/kaplicka-a-zvon/kaplicka-a-zvon__y7a6731.jpg,presunuto
projekt,/Users/giorgio/Documents/Přezletice 26/Originální fotky/adlt_prezletice_objekty_2026-07-04_1752/_Y7A6734.jpg,/Users/giorgio/Documents/Přezletice 26/Originální fotky/02_projekty/09_digitalizace/elektronicka-uredni-deska/elektronicka-uredni-deska__y7a6734.jpg,presunuto
projekt,/Users/giorgio/Documents/Přezletice 26/Originální fotky/adlt_prezletice_objekty_2026-07-04_1752/_Y7A6735.jpg,/Users/giorgio/Documents/Přezletice 26/Originální fotky/02_projekty/09_digitalizace/elektronicka-uredni-deska/elektronicka-uredni-deska__y7a6735.jpg,presunuto
projekt,/Users/giorgio/Documents/Přezletice 26/Originální fotky/adlt_prezletice_objekty_2026-07-04_1752/_Y7A6736.jpg,/Users/giorgio/Documents/Přezletice 26/Originální fotky/02_projekty/09_digitalizace/elektronicka-uredni-deska/elektronicka-uredni-deska__y7a6736.jpg,presunuto
projekt,/Users/giorgio/Documents/Přezletice 26/Originální fotky/adlt_prezletice_objekty_2026-07-04_1752/_Y7A6738.jpg,/Users/giorgio/Documents/Přezletice 26/Originální fotky/02_projekty/08_zdravi-socialni/vydejni-automaty-stravovani/vydejni-automaty-stravovani__y7a6738.jpg,presunuto
projekt,/Users/giorgio/Documents/Přezletice 26/Originální fotky/adlt_prezletice_objekty_2026-07-04_1752/_Y7A6744.jpg,/Users/giorgio/Documents/Přezletice 26/Originální fotky/02_projekty/08_zdravi-socialni/vydejni-automaty-stravovani/vydejni-automaty-stravovani__y7a6744.jpg,presunuto
projekt,/Users/giorgio/Documents/Přezletice 26/Originální fotky/adlt_prezletice_objekty_2026-07-04_1752/_Y7A6744_ed.jpg,/Users/giorgio/Documents/Přezletice 26/Originální fotky/02_projekty/08_zdravi-socialni/vydejni-automaty-stravovani/vydejni-automaty-stravovani__y7a6744-ed.jpg,presunuto
projekt,/Users/giorgio/Documents/Přezletice 26/Originální fotky/adlt_prezletice_objekty_2026-07-04_1752/_Y7A6745.jpg,/Users/giorgio/Documents/Přezletice 26/Originální fotky/02_projekty/02_doprava/rekonstrukce-prutahovych-komunikaci/rekonstrukce-prutahovych-komunikaci__y7a6745.jpg,presunuto
projekt,/Users/giorgio/Documents/Přezletice 26/Originální fotky/adlt_prezletice_objekty_2026-07-04_1752/_Y7A6746.jpg,/Users/giorgio/Documents/Přezletice 26/Originální fotky/02_projekty/02_doprava/rekonstrukce-prutahovych-komunikaci/rekonstrukce-prutahovych-komunikaci__y7a6746.jpg,presunuto
projekt,/Users/giorgio/Documents/Přezletice 26/Originální fotky/adlt_prezletice_objekty_2026-07-04_1752/_Y7A6747.jpg,/Users/giorgio/Documents/Přezletice 26/Originální fotky/02_projekty/02_doprava/rekonstrukce-prutahovych-komunikaci/rekonstrukce-prutahovych-komunikaci__y7a6747.jpg,presunuto
projekt,/Users/giorgio/Documents/Přezletice 26/Originální fotky/adlt_prezletice_objekty_2026-07-04_1752/_Y7A6749.jpg,/Users/giorgio/Documents/Přezletice 26/Originální fotky/02_projekty/02_doprava/rekonstrukce-prutahovych-komunikaci/rekonstrukce-prutahovych-komunikaci__y7a6749.jpg,presunuto
projekt,/Users/giorgio/Documents/Přezletice 26/Originální fotky/adlt_prezletice_objekty_2026-07-04_1752/_Y7A6750.jpg,/Users/giorgio/Documents/Přezletice 26/Originální fotky/02_projekty/02_doprava/rekonstrukce-prutahovych-komunikaci/rekonstrukce-prutahovych-komunikaci__y7a6750.jpg,presunuto
projekt,/Users/giorgio/Documents/Přezletice 26/Originální fotky/adlt_prezletice_objekty_2026-07-04_1752/_Y7A6751.jpg,/Users/giorgio/Documents/Přezletice 26/Originální fotky/02_projekty/02_doprava/rekonstrukce-prutahovych-komunikaci/rekonstrukce-prutahovych-komunikaci__y7a6751.jpg,presunuto
projekt,/Users/giorgio/Documents/Přezletice 26/Originální fotky/adlt_prezletice_objekty_2026-07-04_1752/_Y7A6752.jpg,/Users/giorgio/Documents/Přezletice 26/Originální fotky/02_projekty/02_doprava/rekonstrukce-prutahovych-komunikaci/rekonstrukce-prutahovych-komunikaci__y7a6752.jpg,presunuto
projekt,/Users/giorgio/Documents/Přezletice 26/Originální fotky/adlt_prezletice_objekty_2026-07-04_1752/_Y7A6753.jpg,/Users/giorgio/Documents/Přezletice 26/Originální fotky/02_projekty/07_infrastruktura/podzemni-kontejnery/podzemni-kontejnery__y7a6753.jpg,presunuto
projekt,/Users/giorgio/Documents/Přezletice 26/Originální fotky/adlt_prezletice_objekty_2026-07-04_1752/_Y7A6754.jpg,/Users/giorgio/Documents/Přezletice 26/Originální fotky/02_projekty/07_infrastruktura/podzemni-kontejnery/podzemni-kontejnery__y7a6754.jpg,presunuto
projekt,/Users/giorgio/Documents/Přezletice 26/Originální fotky/adlt_prezletice_objekty_2026-07-04_1752/_Y7A6755.jpg,/Users/giorgio/Documents/Přezletice 26/Originální fotky/02_projekty/07_infrastruktura/podzemni-kontejnery/podzemni-kontejnery__y7a6755.jpg,presunuto
projekt,/Users/giorgio/Documents/Přezletice 26/Originální fotky/adlt_prezletice_objekty_2026-07-04_1752/_Y7A6756.jpg,/Users/giorgio/Documents/Přezletice 26/Originální fotky/02_projekty/00_nezarazene/nezarazeno__y7a6756.jpg,presunuto
projekt,/Users/giorgio/Documents/Přezletice 26/Originální fotky/adlt_prezletice_objekty_2026-07-04_1752/_Y7A6757.jpg,/Users/giorgio/Documents/Přezletice 26/Originální fotky/02_projekty/06_kultura/komunitni-centrum-zlatak/komunitni-centrum-zlatak__y7a6757.jpg,presunuto
projekt,/Users/giorgio/Documents/Přezletice 26/Originální fotky/adlt_prezletice_objekty_2026-07-04_1752/_Y7A6761_ed.jpg,/Users/giorgio/Documents/Přezletice 26/Originální fotky/02_projekty/06_kultura/komunitni-centrum-zlatak/komunitni-centrum-zlatak__y7a6761-ed.jpg,presunuto
projekt,/Users/giorgio/Documents/Přezletice 26/Originální fotky/adlt_prezletice_objekty_2026-07-04_1752/_Y7A6765.jpg,/Users/giorgio/Documents/Přezletice 26/Originální fotky/02_projekty/06_kultura/komunitni-centrum-zlatak/komunitni-centrum-zlatak__y7a6765.jpg,presunuto
projekt,/Users/giorgio/Documents/Přezletice 26/Originální fotky/adlt_prezletice_objekty_2026-07-04_1752/_Y7A6766.jpg,/Users/giorgio/Documents/Přezletice 26/Originální fotky/02_projekty/06_kultura/komunitni-centrum-zlatak/komunitni-centrum-zlatak__y7a6766.jpg,presunuto
projekt,/Users/giorgio/Documents/Přezletice 26/Originální fotky/adlt_prezletice_objekty_2026-07-04_1752/_Y7A6767.jpg,/Users/giorgio/Documents/Přezletice 26/Originální fotky/02_projekty/06_kultura/komunitni-centrum-zlatak/komunitni-centrum-zlatak__y7a6767.jpg,presunuto
projekt,/Users/giorgio/Documents/Přezletice 26/Originální fotky/adlt_prezletice_objekty_2026-07-04_1752/_Y7A6769.jpg,/Users/giorgio/Documents/Přezletice 26/Originální fotky/02_projekty/06_kultura/komunitni-centrum-zlatak/komunitni-centrum-zlatak__y7a6769.jpg,presunuto
projekt,/Users/giorgio/Documents/Přezletice 26/Originální fotky/adlt_prezletice_objekty_2026-07-04_1752/_Y7A6771.jpg,/Users/giorgio/Documents/Přezletice 26/Originální fotky/02_projekty/06_kultura/komunitni-centrum-zlatak/komunitni-centrum-zlatak__y7a6771.jpg,presunuto
projekt,/Users/giorgio/Documents/Přezletice 26/Originální fotky/adlt_prezletice_objekty_2026-07-04_1752/_Y7A6772.jpg,/Users/giorgio/Documents/Přezletice 26/Originální fotky/02_projekty/06_kultura/komunitni-centrum-zlatak/komunitni-centrum-zlatak__y7a6772.jpg,presunuto
projekt,/Users/giorgio/Documents/Přezletice 26/Originální fotky/adlt_prezletice_objekty_2026-07-04_1752/_Y7A6773.jpg,/Users/giorgio/Documents/Přezletice 26/Originální fotky/02_projekty/06_kultura/komunitni-centrum-zlatak/komunitni-centrum-zlatak__y7a6773.jpg,presunuto
projekt,/Users/giorgio/Documents/Přezletice 26/Originální fotky/adlt_prezletice_objekty_2026-07-04_1752/_Y7A6774.jpg,/Users/giorgio/Documents/Přezletice 26/Originální fotky/02_projekty/06_kultura/komunitni-centrum-zlatak/komunitni-centrum-zlatak__y7a6774.jpg,presunuto
projekt,/Users/giorgio/Documents/Přezletice 26/Originální fotky/adlt_prezletice_objekty_2026-07-04_1752/_Y7A6775.jpg,/Users/giorgio/Documents/Přezletice 26/Originální fotky/02_projekty/06_kultura/komunitni-centrum-zlatak/komunitni-centrum-zlatak__y7a6775.jpg,presunuto
projekt,/Users/giorgio/Documents/Přezletice 26/Originální fotky/adlt_prezletice_objekty_2026-07-04_1752/_Y7A6776.jpg,/Users/giorgio/Documents/Přezletice 26/Originální fotky/02_projekty/06_kultura/komunitni-centrum-zlatak/komunitni-centrum-zlatak__y7a6776.jpg,presunuto
projekt,/Users/giorgio/Documents/Přezletice 26/Originální fotky/adlt_prezletice_objekty_2026-07-04_1752/_Y7A6777.jpg,/Users/giorgio/Documents/Přezletice 26/Originální fotky/02_projekty/06_kultura/komunitni-centrum-zlatak/komunitni-centrum-zlatak__y7a6777.jpg,presunuto
projekt,/Users/giorgio/Documents/Přezletice 26/Originální fotky/adlt_prezletice_objekty_2026-07-04_1752/_Y7A6778.jpg,/Users/giorgio/Documents/Přezletice 26/Originální fotky/02_projekty/06_kultura/komunitni-centrum-zlatak/komunitni-centrum-zlatak__y7a6778.jpg,presunuto
projekt,/Users/giorgio/Documents/Přezletice 26/Originální fotky/adlt_prezletice_objekty_2026-07-04_1752/_Y7A6779.jpg,/Users/giorgio/Documents/Přezletice 26/Originální fotky/02_projekty/06_kultura/komunitni-centrum-zlatak/komunitni-centrum-zlatak__y7a6779.jpg,presunuto
projekt,/Users/giorgio/Documents/Přezletice 26/Originální fotky/adlt_prezletice_objekty_2026-07-04_1752/_Y7A6780_ed.jpg,/Users/giorgio/Documents/Přezletice 26/Originální fotky/02_projekty/06_kultura/komunitni-centrum-zlatak/komunitni-centrum-zlatak__y7a6780-ed.jpg,presunuto
projekt,/Users/giorgio/Documents/Přezletice 26/Originální fotky/adlt_prezletice_objekty_2026-07-04_1752/_Y7A6781.jpg,/Users/giorgio/Documents/Přezletice 26/Originální fotky/02_projekty/06_kultura/komunitni-centrum-zlatak/komunitni-centrum-zlatak__y7a6781.jpg,presunuto
projekt,/Users/giorgio/Documents/Přezletice 26/Originální fotky/adlt_prezletice_objekty_2026-07-04_1752/_Y7A6781_ed.jpg,/Users/giorgio/Documents/Přezletice 26/Originální fotky/02_projekty/06_kultura/komunitni-centrum-zlatak/komunitni-centrum-zlatak__y7a6781-ed.jpg,presunuto
projekt,/Users/giorgio/Documents/Přezletice 26/Originální fotky/adlt_prezletice_objekty_2026-07-04_1752/_Y7A6782.jpg,/Users/giorgio/Documents/Přezletice 26/Originální fotky/02_projekty/06_kultura/komunitni-centrum-zlatak/komunitni-centrum-zlatak__y7a6782.jpg,presunuto
projekt,/Users/giorgio/Documents/Přezletice 26/Originální fotky/adlt_prezletice_objekty_2026-07-04_1752/_Y7A6783.jpg,/Users/giorgio/Documents/Přezletice 26/Originální fotky/02_projekty/06_kultura/komunitni-centrum-zlatak/komunitni-centrum-zlatak__y7a6783.jpg,presunuto
projekt,/Users/giorgio/Documents/Přezletice 26/Originální fotky/adlt_prezletice_objekty_2026-07-04_1752/_Y7A6785.jpg,/Users/giorgio/Documents/Přezletice 26/Originální fotky/02_projekty/06_kultura/komunitni-centrum-zlatak/komunitni-centrum-zlatak__y7a6785.jpg,presunuto
projekt,/Users/giorgio/Documents/Přezletice 26/Originální fotky/adlt_prezletice_objekty_2026-07-04_1752/_Y7A6787.jpg,/Users/giorgio/Documents/Přezletice 26/Originální fotky/02_projekty/06_kultura/komunitni-centrum-zlatak/komunitni-centrum-zlatak__y7a6787.jpg,presunuto
projekt,/Users/giorgio/Documents/Přezletice 26/Originální fotky/adlt_prezletice_objekty_2026-07-04_1752/_Y7A6789.jpg,/Users/giorgio/Documents/Přezletice 26/Originální fotky/02_projekty/06_kultura/komunitni-centrum-zlatak/komunitni-centrum-zlatak__y7a6789.jpg,presunuto
projekt,/Users/giorgio/Documents/Přezletice 26/Originální fotky/adlt_prezletice_objekty_2026-07-04_1752/_Y7A6790.jpg,/Users/giorgio/Documents/Přezletice 26/Originální fotky/02_projekty/06_kultura/komunitni-centrum-zlatak/komunitni-centrum-zlatak__y7a6790.jpg,presunuto
projekt,/Users/giorgio/Documents/Přezletice 26/Originální fotky/adlt_prezletice_objekty_2026-07-04_1752/_Y7A6792.jpg,/Users/giorgio/Documents/Přezletice 26/Originální fotky/02_projekty/06_kultura/komunitni-centrum-zlatak/komunitni-centrum-zlatak__y7a6792.jpg,presunuto
projekt,/Users/giorgio/Documents/Přezletice 26/Originální fotky/adlt_prezletice_objekty_2026-07-04_1752/_Y7A6793.jpg,/Users/giorgio/Documents/Přezletice 26/Originální fotky/02_projekty/06_kultura/komunitni-centrum-zlatak/komunitni-centrum-zlatak__y7a6793.jpg,presunuto
projekt,/Users/giorgio/Documents/Přezletice 26/Originální fotky/adlt_prezletice_objekty_2026-07-04_1752/_Y7A6794.jpg,/Users/giorgio/Documents/Přezletice 26/Originální fotky/02_projekty/06_kultura/komunitni-centrum-zlatak/komunitni-centrum-zlatak__y7a6794.jpg,presunuto
projekt,/Users/giorgio/Documents/Přezletice 26/Originální fotky/adlt_prezletice_objekty_2026-07-04_1752/_Y7A6800.jpg,/Users/giorgio/Documents/Přezletice 26/Originální fotky/02_projekty/08_zdravi-socialni/prakticky-lekar-a-ordinace/prakticky-lekar-a-ordinace__y7a6800.jpg,presunuto
projekt,/Users/giorgio/Documents/Přezletice 26/Originální fotky/adlt_prezletice_objekty_2026-07-04_1752/_Y7A6801.jpg,/Users/giorgio/Documents/Přezletice 26/Originální fotky/02_projekty/00_nezarazene/nezarazeno__y7a6801.jpg,presunuto
projekt,/Users/giorgio/Documents/Přezletice 26/Originální fotky/adlt_prezletice_objekty_2026-07-04_1752/_Y7A6802.jpg,/Users/giorgio/Documents/Přezletice 26/Originální fotky/02_projekty/08_zdravi-socialni/prakticky-lekar-a-ordinace/prakticky-lekar-a-ordinace__y7a6802.jpg,presunuto
projekt,/Users/giorgio/Documents/Přezletice 26/Originální fotky/adlt_prezletice_objekty_2026-07-04_1752/_Y7A6803.jpg,/Users/giorgio/Documents/Přezletice 26/Originální fotky/02_projekty/08_zdravi-socialni/prakticky-lekar-a-ordinace/prakticky-lekar-a-ordinace__y7a6803.jpg,presunuto
projekt,/Users/giorgio/Documents/Přezletice 26/Originální fotky/adlt_prezletice_objekty_2026-07-04_1752/_Y7A6804.jpg,/Users/giorgio/Documents/Přezletice 26/Originální fotky/02_projekty/08_zdravi-socialni/prakticky-lekar-a-ordinace/prakticky-lekar-a-ordinace__y7a6804.jpg,presunuto
projekt,/Users/giorgio/Documents/Přezletice 26/Originální fotky/adlt_prezletice_objekty_2026-07-04_1752/_Y7A6805.jpg,/Users/giorgio/Documents/Přezletice 26/Originální fotky/02_projekty/08_zdravi-socialni/prakticky-lekar-a-ordinace/prakticky-lekar-a-ordinace__y7a6805.jpg,presunuto
projekt,/Users/giorgio/Documents/Přezletice 26/Originální fotky/adlt_prezletice_objekty_2026-07-04_1752/_Y7A6806.jpg,/Users/giorgio/Documents/Přezletice 26/Originální fotky/02_projekty/08_zdravi-socialni/prakticky-lekar-a-ordinace/prakticky-lekar-a-ordinace__y7a6806.jpg,presunuto
projekt,/Users/giorgio/Documents/Přezletice 26/Originální fotky/adlt_prezletice_objekty_2026-07-04_1752/_Y7A6807.jpg,/Users/giorgio/Documents/Přezletice 26/Originální fotky/02_projekty/08_zdravi-socialni/prakticky-lekar-a-ordinace/prakticky-lekar-a-ordinace__y7a6807.jpg,presunuto
projekt,/Users/giorgio/Documents/Přezletice 26/Originální fotky/adlt_prezletice_objekty_2026-07-04_1752/_Y7A6808.jpg,/Users/giorgio/Documents/Přezletice 26/Originální fotky/02_projekty/08_zdravi-socialni/prakticky-lekar-a-ordinace/prakticky-lekar-a-ordinace__y7a6808.jpg,presunuto
projekt,/Users/giorgio/Documents/Přezletice 26/Originální fotky/adlt_prezletice_objekty_2026-07-04_1752/_Y7A6810.jpg,/Users/giorgio/Documents/Přezletice 26/Originální fotky/02_projekty/08_zdravi-socialni/prakticky-lekar-a-ordinace/prakticky-lekar-a-ordinace__y7a6810.jpg,presunuto
projekt,/Users/giorgio/Documents/Přezletice 26/Originální fotky/adlt_prezletice_objekty_2026-07-04_1752/_Y7A6811.jpg,/Users/giorgio/Documents/Přezletice 26/Originální fotky/02_projekty/08_zdravi-socialni/prakticky-lekar-a-ordinace/prakticky-lekar-a-ordinace__y7a6811.jpg,presunuto
projekt,/Users/giorgio/Documents/Přezletice 26/Originální fotky/adlt_prezletice_objekty_2026-07-04_1752/_Y7A6812.jpg,/Users/giorgio/Documents/Přezletice 26/Originální fotky/02_projekty/08_zdravi-socialni/prakticky-lekar-a-ordinace/prakticky-lekar-a-ordinace__y7a6812.jpg,presunuto
projekt,/Users/giorgio/Documents/Přezletice 26/Originální fotky/adlt_prezletice_objekty_2026-07-04_1752/_Y7A6813.jpg,/Users/giorgio/Documents/Přezletice 26/Originální fotky/02_projekty/08_zdravi-socialni/prakticky-lekar-a-ordinace/prakticky-lekar-a-ordinace__y7a6813.jpg,presunuto
projekt,/Users/giorgio/Documents/Přezletice 26/Originální fotky/adlt_prezletice_objekty_2026-07-04_1752/_Y7A6814.jpg,/Users/giorgio/Documents/Přezletice 26/Originální fotky/02_projekty/08_zdravi-socialni/prakticky-lekar-a-ordinace/prakticky-lekar-a-ordinace__y7a6814.jpg,presunuto
projekt,/Users/giorgio/Documents/Přezletice 26/Originální fotky/adlt_prezletice_objekty_2026-07-04_1752/_Y7A6815.jpg,/Users/giorgio/Documents/Přezletice 26/Originální fotky/02_projekty/08_zdravi-socialni/prakticky-lekar-a-ordinace/prakticky-lekar-a-ordinace__y7a6815.jpg,presunuto
projekt,/Users/giorgio/Documents/Přezletice 26/Originální fotky/adlt_prezletice_objekty_2026-07-04_1752/_Y7A6816.jpg,/Users/giorgio/Documents/Přezletice 26/Originální fotky/02_projekty/08_zdravi-socialni/prakticky-lekar-a-ordinace/prakticky-lekar-a-ordinace__y7a6816.jpg,presunuto
projekt,/Users/giorgio/Documents/Přezletice 26/Originální fotky/adlt_prezletice_objekty_2026-07-04_1752/_Y7A6817.jpg,/Users/giorgio/Documents/Přezletice 26/Originální fotky/02_projekty/08_zdravi-socialni/prakticky-lekar-a-ordinace/prakticky-lekar-a-ordinace__y7a6817.jpg,presunuto
projekt,/Users/giorgio/Documents/Přezletice 26/Originální fotky/adlt_prezletice_objekty_2026-07-04_1752/_Y7A6818.jpg,/Users/giorgio/Documents/Přezletice 26/Originální fotky/02_projekty/08_zdravi-socialni/prakticky-lekar-a-ordinace/prakticky-lekar-a-ordinace__y7a6818.jpg,presunuto
projekt,/Users/giorgio/Documents/Přezletice 26/Originální fotky/adlt_prezletice_objekty_2026-07-04_1752/_Y7A6819.jpg,/Users/giorgio/Documents/Přezletice 26/Originální fotky/02_projekty/01_zivotni_prostredi/zelen-podzemni-kontejnery/zelen-podzemni-kontejnery__y7a6819.jpg,presunuto
projekt,/Users/giorgio/Documents/Přezletice 26/Originální fotky/adlt_prezletice_objekty_2026-07-04_1752/_Y7A6820.jpg,/Users/giorgio/Documents/Přezletice 26/Originální fotky/02_projekty/01_zivotni_prostredi/zelen-podzemni-kontejnery/zelen-podzemni-kontejnery__y7a6820.jpg,presunuto
projekt,/Users/giorgio/Documents/Přezletice 26/Originální fotky/adlt_prezletice_objekty_2026-07-04_1752/_Y7A6821.jpg,/Users/giorgio/Documents/Přezletice 26/Originální fotky/02_projekty/00_nezarazene/nezarazeno__y7a6821.jpg,presunuto
projekt,/Users/giorgio/Documents/Přezletice 26/Originální fotky/adlt_prezletice_objekty_2026-07-04_1752/_Y7A6822.jpg,/Users/giorgio/Documents/Přezletice 26/Originální fotky/02_projekty/07_infrastruktura/podzemni-kontejnery/podzemni-kontejnery__y7a6822.jpg,presunuto
projekt,/Users/giorgio/Documents/Přezletice 26/Originální fotky/adlt_prezletice_objekty_2026-07-04_1752/_Y7A6823.jpg,/Users/giorgio/Documents/Přezletice 26/Originální fotky/02_projekty/07_infrastruktura/podzemni-kontejnery/podzemni-kontejnery__y7a6823.jpg,presunuto
projekt,/Users/giorgio/Documents/Přezletice 26/Originální fotky/adlt_prezletice_objekty_2026-07-04_1752/_Y7A6824.jpg,/Users/giorgio/Documents/Přezletice 26/Originální fotky/02_projekty/05_sport/petanque-nohavice/petanque-nohavice__y7a6824.jpg,presunuto
projekt,/Users/giorgio/Documents/Přezletice 26/Originální fotky/adlt_prezletice_objekty_2026-07-04_1752/_Y7A6825.jpg,/Users/giorgio/Documents/Přezletice 26/Originální fotky/02_projekty/00_nezarazene/nezarazeno__y7a6825.jpg,presunuto
projekt,/Users/giorgio/Documents/Přezletice 26/Originální fotky/adlt_prezletice_objekty_2026-07-04_1752/_Y7A6826.jpg,/Users/giorgio/Documents/Přezletice 26/Originální fotky/02_projekty/00_nezarazene/nezarazeno__y7a6826.jpg,presunuto
projekt,/Users/giorgio/Documents/Přezletice 26/Originální fotky/adlt_prezletice_objekty_2026-07-04_1752/_Y7A6827.jpg,/Users/giorgio/Documents/Přezletice 26/Originální fotky/02_projekty/00_nezarazene/nezarazeno__y7a6827.jpg,presunuto
projekt,/Users/giorgio/Documents/Přezletice 26/Originální fotky/adlt_prezletice_objekty_2026-07-04_1752/_Y7A6829.jpg,/Users/giorgio/Documents/Přezletice 26/Originální fotky/02_projekty/02_doprava/krizovatka-nohavice/krizovatka-nohavice__y7a6829.jpg,presunuto
projekt,/Users/giorgio/Documents/Přezletice 26/Originální fotky/adlt_prezletice_objekty_2026-07-04_1752/_Y7A6830.jpg,/Users/giorgio/Documents/Přezletice 26/Originální fotky/02_projekty/00_nezarazene/nezarazeno__y7a6830.jpg,presunuto
projekt,/Users/giorgio/Documents/Přezletice 26/Originální fotky/adlt_prezletice_objekty_2026-07-04_1752/_Y7A6831.jpg,/Users/giorgio/Documents/Přezletice 26/Originální fotky/02_projekty/00_nezarazene/nezarazeno__y7a6831.jpg,presunuto
projekt,/Users/giorgio/Documents/Přezletice 26/Originální fotky/adlt_prezletice_objekty_2026-07-04_1752/_Y7A6832.jpg,/Users/giorgio/Documents/Přezletice 26/Originální fotky/02_projekty/05_sport/detska-hriste/detska-hriste__y7a6832.jpg,presunuto
projekt,/Users/giorgio/Documents/Přezletice 26/Originální fotky/adlt_prezletice_objekty_2026-07-04_1752/_Y7A6833.jpg,/Users/giorgio/Documents/Přezletice 26/Originální fotky/02_projekty/05_sport/detska-hriste/detska-hriste__y7a6833.jpg,presunuto
projekt,/Users/giorgio/Documents/Přezletice 26/Originální fotky/adlt_prezletice_objekty_2026-07-04_1752/_Y7A6834.jpg,/Users/giorgio/Documents/Přezletice 26/Originální fotky/02_projekty/05_sport/detska-hriste/detska-hriste__y7a6834.jpg,presunuto
projekt,/Users/giorgio/Documents/Přezletice 26/Originální fotky/adlt_prezletice_objekty_2026-07-04_1752/_Y7A6835.jpg,/Users/giorgio/Documents/Přezletice 26/Originální fotky/02_projekty/05_sport/detska-hriste/detska-hriste__y7a6835.jpg,presunuto
projekt,/Users/giorgio/Documents/Přezletice 26/Originální fotky/adlt_prezletice_objekty_2026-07-04_1752/_Y7A6836.jpg,/Users/giorgio/Documents/Přezletice 26/Originální fotky/02_projekty/05_sport/detska-hriste/detska-hriste__y7a6836.jpg,presunuto
projekt,/Users/giorgio/Documents/Přezletice 26/Originální fotky/adlt_prezletice_objekty_2026-07-04_1752/_Y7A6837.jpg,/Users/giorgio/Documents/Přezletice 26/Originální fotky/02_projekty/05_sport/detska-hriste/detska-hriste__y7a6837.jpg,presunuto
projekt,/Users/giorgio/Documents/Přezletice 26/Originální fotky/adlt_prezletice_objekty_2026-07-04_1752/_Y7A6838.jpg,/Users/giorgio/Documents/Přezletice 26/Originální fotky/02_projekty/00_nezarazene/nezarazeno__y7a6838.jpg,presunuto
projekt,/Users/giorgio/Documents/Přezletice 26/Originální fotky/adlt_prezletice_objekty_2026-07-04_1752/_Y7A6839.jpg,/Users/giorgio/Documents/Přezletice 26/Originální fotky/02_projekty/00_nezarazene/nezarazeno__y7a6839.jpg,presunuto
projekt,/Users/giorgio/Documents/Přezletice 26/Originální fotky/adlt_prezletice_objekty_2026-07-04_1752/_Y7A6840.jpg,/Users/giorgio/Documents/Přezletice 26/Originální fotky/02_projekty/05_sport/male-multifunkcni-hriste-u-rybnika/male-multifunkcni-hriste-u-rybnika__y7a6840.jpg,presunuto
projekt,/Users/giorgio/Documents/Přezletice 26/Originální fotky/adlt_prezletice_objekty_2026-07-04_1752/_Y7A6841.jpg,/Users/giorgio/Documents/Přezletice 26/Originální fotky/02_projekty/00_nezarazene/nezarazeno__y7a6841.jpg,presunuto
projekt,/Users/giorgio/Documents/Přezletice 26/Originální fotky/adlt_prezletice_objekty_2026-07-04_1752/_Y7A6842.jpg,/Users/giorgio/Documents/Přezletice 26/Originální fotky/02_projekty/00_nezarazene/nezarazeno__y7a6842.jpg,presunuto
projekt,/Users/giorgio/Documents/Přezletice 26/Originální fotky/adlt_prezletice_objekty_2026-07-04_1752/_Y7A6843.jpg,/Users/giorgio/Documents/Přezletice 26/Originální fotky/02_projekty/00_nezarazene/nezarazeno__y7a6843.jpg,presunuto
projekt,/Users/giorgio/Documents/Přezletice 26/Originální fotky/adlt_prezletice_objekty_2026-07-04_1752/_Y7A6844.jpg,/Users/giorgio/Documents/Přezletice 26/Originální fotky/02_projekty/00_nezarazene/nezarazeno__y7a6844.jpg,presunuto
projekt,/Users/giorgio/Documents/Přezletice 26/Originální fotky/adlt_prezletice_objekty_2026-07-04_1752/_Y7A6845.jpg,/Users/giorgio/Documents/Přezletice 26/Originální fotky/02_projekty/05_sport/workoutove-hriste/workoutove-hriste__y7a6845.jpg,presunuto
projekt,/Users/giorgio/Documents/Přezletice 26/Originální fotky/adlt_prezletice_objekty_2026-07-04_1752/_Y7A6846.jpg,/Users/giorgio/Documents/Přezletice 26/Originální fotky/02_projekty/05_sport/workoutove-hriste/workoutove-hriste__y7a6846.jpg,presunuto
projekt,/Users/giorgio/Documents/Přezletice 26/Originální fotky/adlt_prezletice_objekty_2026-07-04_1752/_Y7A6847.jpg,/Users/giorgio/Documents/Přezletice 26/Originální fotky/02_projekty/01_zivotni_prostredi/revitalizace-rybnika/revitalizace-rybnika__y7a6847.jpg,presunuto
projekt,/Users/giorgio/Documents/Přezletice 26/Originální fotky/adlt_prezletice_objekty_2026-07-04_1752/_Y7A6848.jpg,/Users/giorgio/Documents/Přezletice 26/Originální fotky/02_projekty/01_zivotni_prostredi/revitalizace-rybnika/revitalizace-rybnika__y7a6848.jpg,presunuto
projekt,/Users/giorgio/Documents/Přezletice 26/Originální fotky/adlt_prezletice_objekty_2026-07-04_1752/_Y7A6849.jpg,/Users/giorgio/Documents/Přezletice 26/Originální fotky/02_projekty/01_zivotni_prostredi/revitalizace-rybnika/revitalizace-rybnika__y7a6849.jpg,presunuto
projekt,/Users/giorgio/Documents/Přezletice 26/Originální fotky/adlt_prezletice_objekty_2026-07-04_1752/_Y7A6850.jpg,/Users/giorgio/Documents/Přezletice 26/Originální fotky/02_projekty/01_zivotni_prostredi/revitalizace-rybnika/revitalizace-rybnika__y7a6850.jpg,presunuto
projekt,/Users/giorgio/Documents/Přezletice 26/Originální fotky/adlt_prezletice_objekty_2026-07-04_1752/_Y7A6851.jpg,/Users/giorgio/Documents/Přezletice 26/Originální fotky/02_projekty/01_zivotni_prostredi/revitalizace-rybnika/revitalizace-rybnika__y7a6851.jpg,presunuto
projekt,/Users/giorgio/Documents/Přezletice 26/Originální fotky/adlt_prezletice_objekty_2026-07-04_1752/_Y7A6852.jpg,/Users/giorgio/Documents/Přezletice 26/Originální fotky/02_projekty/01_zivotni_prostredi/revitalizace-rybnika/revitalizace-rybnika__y7a6852.jpg,presunuto
projekt,/Users/giorgio/Documents/Přezletice 26/Originální fotky/adlt_prezletice_objekty_2026-07-04_1752/_Y7A6853.jpg,/Users/giorgio/Documents/Přezletice 26/Originální fotky/02_projekty/01_zivotni_prostredi/revitalizace-rybnika/revitalizace-rybnika__y7a6853.jpg,presunuto
projekt,/Users/giorgio/Documents/Přezletice 26/Originální fotky/adlt_prezletice_objekty_2026-07-04_1752/_Y7A6854.jpg,/Users/giorgio/Documents/Přezletice 26/Originální fotky/02_projekty/01_zivotni_prostredi/revitalizace-rybnika/revitalizace-rybnika__y7a6854.jpg,presunuto
projekt,/Users/giorgio/Documents/Přezletice 26/Originální fotky/adlt_prezletice_objekty_2026-07-04_1752/_Y7A6855.jpg,/Users/giorgio/Documents/Přezletice 26/Originální fotky/02_projekty/01_zivotni_prostredi/revitalizace-rybnika/revitalizace-rybnika__y7a6855.jpg,presunuto
projekt,/Users/giorgio/Documents/Přezletice 26/Originální fotky/adlt_prezletice_objekty_2026-07-04_1752/_Y7A6856.jpg,/Users/giorgio/Documents/Přezletice 26/Originální fotky/02_projekty/01_zivotni_prostredi/revitalizace-rybnika/revitalizace-rybnika__y7a6856.jpg,presunuto
projekt,/Users/giorgio/Documents/Přezletice 26/Originální fotky/adlt_prezletice_objekty_2026-07-04_1752/_Y7A6857.jpg,/Users/giorgio/Documents/Přezletice 26/Originální fotky/02_projekty/01_zivotni_prostredi/revitalizace-rybnika/revitalizace-rybnika__y7a6857.jpg,presunuto
projekt,/Users/giorgio/Documents/Přezletice 26/Originální fotky/adlt_prezletice_objekty_2026-07-04_1752/_Y7A6858.jpg,/Users/giorgio/Documents/Přezletice 26/Originální fotky/02_projekty/02_doprava/lavka-a-verejne-plochy-zlaty-kopec/lavka-a-verejne-plochy-zlaty-kopec__y7a6858.jpg,presunuto
projekt,/Users/giorgio/Documents/Přezletice 26/Originální fotky/adlt_prezletice_objekty_2026-07-04_1752/_Y7A6859.jpg,/Users/giorgio/Documents/Přezletice 26/Originální fotky/02_projekty/02_doprava/lavka-a-verejne-plochy-zlaty-kopec/lavka-a-verejne-plochy-zlaty-kopec__y7a6859.jpg,presunuto
projekt,/Users/giorgio/Documents/Přezletice 26/Originální fotky/adlt_prezletice_objekty_2026-07-04_1752/_Y7A6860.jpg,/Users/giorgio/Documents/Přezletice 26/Originální fotky/02_projekty/02_doprava/lavka-a-verejne-plochy-zlaty-kopec/lavka-a-verejne-plochy-zlaty-kopec__y7a6860.jpg,presunuto
projekt,/Users/giorgio/Documents/Přezletice 26/Originální fotky/adlt_prezletice_objekty_2026-07-04_1752/_Y7A6861.jpg,/Users/giorgio/Documents/Přezletice 26/Originální fotky/02_projekty/02_doprava/lavka-a-verejne-plochy-zlaty-kopec/lavka-a-verejne-plochy-zlaty-kopec__y7a6861.jpg,presunuto
projekt,/Users/giorgio/Documents/Přezletice 26/Originální fotky/adlt_prezletice_objekty_2026-07-04_1752/_Y7A6862.jpg,/Users/giorgio/Documents/Přezletice 26/Originální fotky/02_projekty/02_doprava/lavka-a-verejne-plochy-zlaty-kopec/lavka-a-verejne-plochy-zlaty-kopec__y7a6862.jpg,presunuto
projekt,/Users/giorgio/Documents/Přezletice 26/Originální fotky/adlt_prezletice_objekty_2026-07-04_1752/_Y7A6863.jpg,/Users/giorgio/Documents/Přezletice 26/Originální fotky/02_projekty/02_doprava/lavka-a-verejne-plochy-zlaty-kopec/lavka-a-verejne-plochy-zlaty-kopec__y7a6863.jpg,presunuto
projekt,/Users/giorgio/Documents/Přezletice 26/Originální fotky/adlt_prezletice_objekty_2026-07-04_1752/_Y7A6864.jpg,/Users/giorgio/Documents/Přezletice 26/Originální fotky/02_projekty/02_doprava/lavka-a-verejne-plochy-zlaty-kopec/lavka-a-verejne-plochy-zlaty-kopec__y7a6864.jpg,presunuto
projekt,/Users/giorgio/Documents/Přezletice 26/Originální fotky/adlt_prezletice_objekty_2026-07-04_1752/_Y7A6865.jpg,/Users/giorgio/Documents/Přezletice 26/Originální fotky/02_projekty/02_doprava/lavka-a-verejne-plochy-zlaty-kopec/lavka-a-verejne-plochy-zlaty-kopec__y7a6865.jpg,presunuto
projekt,/Users/giorgio/Documents/Přezletice 26/Originální fotky/adlt_prezletice_objekty_2026-07-04_1752/_Y7A6866.jpg,/Users/giorgio/Documents/Přezletice 26/Originální fotky/02_projekty/01_zivotni_prostredi/revitalizace-rybnika/revitalizace-rybnika__y7a6866.jpg,presunuto
projekt,/Users/giorgio/Documents/Přezletice 26/Originální fotky/adlt_prezletice_objekty_2026-07-04_1752/_Y7A6867.jpg,/Users/giorgio/Documents/Přezletice 26/Originální fotky/02_projekty/01_zivotni_prostredi/revitalizace-rybnika/revitalizace-rybnika__y7a6867.jpg,presunuto
projekt,/Users/giorgio/Documents/Přezletice 26/Originální fotky/adlt_prezletice_objekty_2026-07-04_1752/_Y7A6869.jpg,/Users/giorgio/Documents/Přezletice 26/Originální fotky/02_projekty/05_sport/male-multifunkcni-hriste-u-rybnika/male-multifunkcni-hriste-u-rybnika__y7a6869.jpg,presunuto
projekt,/Users/giorgio/Documents/Přezletice 26/Originální fotky/adlt_prezletice_objekty_2026-07-04_1752/_Y7A6870.jpg,/Users/giorgio/Documents/Přezletice 26/Originální fotky/02_projekty/05_sport/male-multifunkcni-hriste-u-rybnika/male-multifunkcni-hriste-u-rybnika__y7a6870.jpg,presunuto
projekt,/Users/giorgio/Documents/Přezletice 26/Originální fotky/adlt_prezletice_objekty_2026-07-04_1752/_Y7A6871.jpg,/Users/giorgio/Documents/Přezletice 26/Originální fotky/02_projekty/05_sport/male-multifunkcni-hriste-u-rybnika/male-multifunkcni-hriste-u-rybnika__y7a6871.jpg,presunuto
projekt,/Users/giorgio/Documents/Přezletice 26/Originální fotky/adlt_prezletice_objekty_2026-07-04_1752/_Y7A6872.jpg,/Users/giorgio/Documents/Přezletice 26/Originální fotky/02_projekty/01_zivotni_prostredi/zelen-podzemni-kontejnery/zelen-podzemni-kontejnery__y7a6872.jpg,presunuto
projekt,/Users/giorgio/Documents/Přezletice 26/Originální fotky/adlt_prezletice_objekty_2026-07-04_1752/_Y7A6873.jpg,/Users/giorgio/Documents/Přezletice 26/Originální fotky/02_projekty/01_zivotni_prostredi/zelen-podzemni-kontejnery/zelen-podzemni-kontejnery__y7a6873.jpg,presunuto
projekt,/Users/giorgio/Documents/Přezletice 26/Originální fotky/adlt_prezletice_objekty_2026-07-04_1752/_Y7A6874.jpg,/Users/giorgio/Documents/Přezletice 26/Originální fotky/02_projekty/01_zivotni_prostredi/zelen-podzemni-kontejnery/zelen-podzemni-kontejnery__y7a6874.jpg,presunuto
projekt,/Users/giorgio/Documents/Přezletice 26/Originální fotky/adlt_prezletice_objekty_2026-07-04_1752/_Y7A6875.jpg,/Users/giorgio/Documents/Přezletice 26/Originální fotky/02_projekty/01_zivotni_prostredi/zelen-podzemni-kontejnery/zelen-podzemni-kontejnery__y7a6875.jpg,presunuto
projekt,/Users/giorgio/Documents/Přezletice 26/Originální fotky/adlt_prezletice_objekty_2026-07-04_1752/_Y7A6876.jpg,/Users/giorgio/Documents/Přezletice 26/Originální fotky/02_projekty/01_zivotni_prostredi/zelen-podzemni-kontejnery/zelen-podzemni-kontejnery__y7a6876.jpg,presunuto
projekt,/Users/giorgio/Documents/Přezletice 26/Originální fotky/adlt_prezletice_objekty_2026-07-04_1752/_Y7A6877.jpg,/Users/giorgio/Documents/Přezletice 26/Originální fotky/02_projekty/01_zivotni_prostredi/hruskove-aleje-a-dalsi-zelen/hruskove-aleje-a-dalsi-zelen__y7a6877.jpg,presunuto
projekt,/Users/giorgio/Documents/Přezletice 26/Originální fotky/adlt_prezletice_objekty_2026-07-04_1752/_Y7A6878.jpg,/Users/giorgio/Documents/Přezletice 26/Originální fotky/02_projekty/01_zivotni_prostredi/hruskove-aleje-a-dalsi-zelen/hruskove-aleje-a-dalsi-zelen__y7a6878.jpg,presunuto
projekt,/Users/giorgio/Documents/Přezletice 26/Originální fotky/adlt_prezletice_objekty_2026-07-04_1752/_Y7A6879.jpg,/Users/giorgio/Documents/Přezletice 26/Originální fotky/02_projekty/01_zivotni_prostredi/hruskove-aleje-a-dalsi-zelen/hruskove-aleje-a-dalsi-zelen__y7a6879.jpg,presunuto
projekt,/Users/giorgio/Documents/Přezletice 26/Originální fotky/adlt_prezletice_objekty_2026-07-04_1752/_Y7A6880.jpg,/Users/giorgio/Documents/Přezletice 26/Originální fotky/02_projekty/01_zivotni_prostredi/hruskove-aleje-a-dalsi-zelen/hruskove-aleje-a-dalsi-zelen__y7a6880.jpg,presunuto
projekt,/Users/giorgio/Documents/Přezletice 26/Originální fotky/adlt_prezletice_objekty_2026-07-04_1752/_Y7A6881.jpg,/Users/giorgio/Documents/Přezletice 26/Originální fotky/02_projekty/01_zivotni_prostredi/hruskove-aleje-a-dalsi-zelen/hruskove-aleje-a-dalsi-zelen__y7a6881.jpg,presunuto
projekt,/Users/giorgio/Documents/Přezletice 26/Originální fotky/adlt_prezletice_objekty_2026-07-04_1752/_Y7A6882.jpg,/Users/giorgio/Documents/Přezletice 26/Originální fotky/02_projekty/01_zivotni_prostredi/hruskove-aleje-a-dalsi-zelen/hruskove-aleje-a-dalsi-zelen__y7a6882.jpg,presunuto
